restaurant,item,calories,cal_fat,total_fat,sat_fat,trans_fat,cholesterol,sodium,total_carb,fiber,sugar,protein,vit_a,vit_c,calcium,salad,item_id,protein_per_100cal,fat_per_100cal,carb_per_100cal,sodium_load_pct,health_score,healthy_trap,meal_category,calorie_band
Mcdonalds,Artisan Grilled Chicken Sandwich,380,60,7,2.0,0.0,95,1110,44,3.0,11,37.0,4.0,20.0,20.0,Other,1,9.74,1.84,11.58,48.26,61.23,0,Main,Medium (300-600)
Mcdonalds,Single Bacon Smokehouse Burger,840,410,45,17.0,1.5,130,1580,62,2.0,18,46.0,6.0,20.0,20.0,Other,2,5.48,5.36,7.38,68.7,43.27,0,Main,High (600-900)
Mcdonalds,Double Bacon Smokehouse Burger,1130,600,67,27.0,3.0,220,1920,63,3.0,18,70.0,10.0,20.0,50.0,Other,3,6.19,5.93,5.58,83.48,34.77,0,Main,Very High (900+)
Mcdonalds,Grilled Bacon Smokehouse Chicken Sandwich,750,280,31,10.0,0.5,155,1940,62,2.0,18,55.0,6.0,25.0,20.0,Other,4,7.33,4.13,8.27,84.35,47.66,0,Main,High (600-900)
Mcdonalds,Crispy Bacon Smokehouse Chicken Sandwich,920,410,45,12.0,0.5,120,1980,81,4.0,18,46.0,6.0,20.0,20.0,Other,5,5.0,4.89,8.8,86.09,43.61,0,Main,Very High (900+)
Mcdonalds,Big Mac,540,250,28,10.0,1.0,80,950,46,3.0,9,25.0,10.0,2.0,15.0,Other,6,4.63,5.19,8.52,41.3,51.47,0,Other,Medium (300-600)
Mcdonalds,Cheeseburger,300,100,12,5.0,0.5,40,680,33,2.0,7,15.0,10.0,2.0,10.0,Other,7,5.0,4.0,11.0,29.57,57.13,0,Main,Low (<300)
Mcdonalds,Classic Chicken Sandwich,510,210,24,4.0,0.0,65,1040,49,3.0,6,25.0,0.0,4.0,2.0,Other,8,4.9,4.71,9.61,45.22,55.33,0,Main,Medium (300-600)
Mcdonalds,Double Cheeseburger,430,190,21,11.0,1.0,85,1040,35,2.0,7,25.0,20.0,4.0,15.0,Other,9,5.81,4.88,8.14,45.22,51.38,0,Main,Medium (300-600)
Mcdonalds,Double Quarter Pounder® with Cheese,770,400,45,21.0,2.5,175,1290,42,3.0,10,51.0,20.0,6.0,20.0,Other,10,6.62,5.84,5.45,56.09,43.58,0,Other,High (600-900)
Mcdonalds,Filet-O-Fish®,380,170,18,4.0,0.0,40,640,38,2.0,5,15.0,2.0,0.0,15.0,Other,11,3.95,4.74,10.0,27.83,57.01,0,Other,Medium (300-600)
Mcdonalds,Garlic White Cheddar Burger,620,300,34,13.0,1.5,95,790,48,3.0,11,32.0,10.0,10.0,35.0,Other,12,5.16,5.48,7.74,34.35,50.98,0,Main,High (600-900)
Mcdonalds,Grilled Garlic White Cheddar Chicken Sandwich,530,180,20,7.0,0.0,125,1150,48,3.0,11,42.0,10.0,20.0,35.0,Other,13,7.92,3.77,9.06,50.0,55.61,0,Main,Medium (300-600)
Mcdonalds,Crispy Garlic White Cheddar Chicken Sandwich,700,300,34,9.0,0.0,85,1190,67,5.0,11,33.0,10.0,15.0,35.0,Other,14,4.71,4.86,9.57,51.74,50.65,0,Main,High (600-900)
Mcdonalds,Hamburger,250,70,8,3.0,0.0,30,480,31,2.0,6,13.0,2.0,2.0,4.0,Other,15,5.2,3.2,12.4,20.87,60.05,0,Main,Low (<300)
Mcdonalds,Lobster Roll,290,50,5,1.5,0.0,65,630,35,2.0,3,24.0,4.0,6.0,15.0,Other,16,8.28,1.72,12.07,27.39,63.26,0,Other,Low (<300)
Mcdonalds,Maple Bacon Dijon 1/4 lb Burger,640,330,36,14.0,1.5,110,1260,40,3.0,10,37.0,6.0,15.0,15.0,Other,17,5.78,5.62,6.25,54.78,47.8,0,Main,High (600-900)
Mcdonalds,Grilled Maple Bacon Dijon Chicken Sandwich,580,190,21,8.0,0.0,135,1890,50,3.0,14,48.0,4.0,30.0,30.0,Other,18,8.28,3.62,8.62,82.17,50.37,0,Main,Medium (300-600)
Mcdonalds,Crispy Maple Bacon Dijon Chicken Sandwich,740,310,35,9.0,0.5,95,1780,69,5.0,14,39.0,4.0,20.0,290.0,Other,19,5.27,4.73,9.32,77.39,47.31,0,Main,High (600-900)
Mcdonalds,McChicken,350,130,15,3.5,0.0,40,600,40,2.0,5,15.0,2.0,2.0,4.0,Other,20,4.29,4.29,11.43,26.09,57.98,0,Other,Medium (300-600)
Mcdonalds,McDouble,380,160,18,8.0,1.0,70,840,34,2.0,7,23.0,10.0,2.0,10.0,Other,21,6.05,4.74,8.95,36.52,55.05,0,Other,Medium (300-600)
Mcdonalds,McRib,480,200,22,7.0,0.0,80,870,45,2.0,12,25.0,2.0,2.0,6.0,Other,22,5.21,4.58,9.38,37.83,54.68,0,Other,Medium (300-600)
Mcdonalds,Pico Guacamole 1/4 lb Burger,580,300,33,12.0,1.5,95,920,41,4.0,7,29.0,8.0,15.0,15.0,Other,23,5.0,5.69,7.07,40.0,50.65,0,Main,Medium (300-600)
Mcdonalds,Grilled Pico Guacamole Chicken Sandwich,520,160,18,6.0,0.0,115,1540,50,4.0,12,40.0,8.0,25.0,30.0,Other,24,7.69,3.46,9.62,66.96,53.48,0,Main,Medium (300-600)
Mcdonalds,Crispy Pico Guacamole Chicken Sandwich,680,280,32,7.0,0.0,80,1430,69,6.0,12,31.0,8.0,15.0,30.0,Other,25,4.56,4.71,10.15,62.17,50.3,0,Main,High (600-900)
Mcdonalds,Premium Buttermilk Crispy Chicken Deluxe Sandwich,570,200,23,5.0,0.0,60,1050,64,4.0,11,28.0,4.0,10.0,20.0,Other,26,4.91,4.04,11.23,45.65,54.58,0,Main,Medium (300-600)
Mcdonalds,Premium Crispy Chicken Deluxe Sandwich,530,200,22,4.0,0.0,45,1000,59,3.0,13,25.0,6.0,10.0,20.0,Other,27,4.72,4.15,11.13,43.48,55.41,0,Main,Medium (300-600)
Mcdonalds,Quarter Pounder® with Cheese,530,240,27,13.0,1.5,100,1090,41,3.0,10,31.0,20.0,6.0,15.0,Other,28,5.85,5.09,7.74,47.39,49.7,0,Other,Medium (300-600)
Mcdonalds,Signature Sriracha Burger,670,320,35,12.0,1.5,95,1010,56,4.0,13,32.0,20.0,15.0,30.0,Other,29,4.78,5.22,8.36,43.91,49.83,0,Main,High (600-900)
Mcdonalds,Grilled Signature Sriracha Chicken Sandwich,560,180,20,5.0,0.0,115,1550,56,4.0,14,41.0,20.0,25.0,30.0,Other,30,7.32,3.57,10.0,67.39,53.73,0,Main,Medium (300-600)
Mcdonalds,Crispy Signature Sriracha Chicken Sandwich,730,300,33,7.0,0.0,80,1430,75,5.0,13,32.0,20.0,20.0,30.0,Other,31,4.38,4.52,10.27,62.17,50.12,0,Main,High (600-900)
Mcdonalds,Sweet BBQ Bacon 1/4 lb Burger,690,340,37,14.0,1.5,110,1310,51,3.0,14,38.0,6.0,15.0,15.0,Other,32,5.51,5.36,7.39,56.96,47.19,0,Main,High (600-900)
Mcdonalds,Grilled Sweet BBQ Bacon Chicken Sandwich,630,200,22,7.0,0.0,135,1930,61,4.0,18,48.0,4.0,30.0,25.0,Other,33,7.62,3.49,9.68,83.91,50.12,0,Main,High (600-900)
Mcdonalds,Crispy Sweet BBQ Bacon Chicken Sandwich,800,320,36,9.0,0.5,95,1820,80,5.0,18,39.0,4.0,20.0,30.0,Other,34,4.88,4.5,10.0,79.13,46.65,0,Main,High (600-900)
Mcdonalds,3 piece Buttermilk Crispy Chicken Tenders,370,190,21,3.5,0.0,70,910,16,0.0,0,28.0,0.0,0.0,2.0,Other,35,7.57,5.68,4.32,39.57,59.28,0,Dessert/Drink,Medium (300-600)
Mcdonalds,4 piece Buttermilk Crispy Chicken Tenders,480,250,28,4.5,0.0,95,1290,21,0.0,1,38.0,0.0,0.0,2.0,Other,36,7.92,5.83,4.38,56.09,56.42,0,Dessert/Drink,Medium (300-600)
Mcdonalds,6 piece Buttermilk Crispy Chicken Tenders,760,390,44,8.0,0.5,145,1890,32,1.0,1,58.0,0.0,0.0,2.0,Other,37,7.63,5.79,4.21,82.17,49.7,0,Dessert/Drink,High (600-900)
Mcdonalds,10 piece Buttermilk Crispy Chicken Tenders,1210,630,70,12.0,1.0,240,3230,52,1.0,4,94.0,0.0,0.0,4.0,Other,38,7.77,5.79,4.3,140.43,38.16,0,Dessert/Drink,Very High (900+)
Mcdonalds,4 Piece Chicken McNuggets,180,100,11,2.0,0.0,30,340,11,1.0,0,10.0,0.0,2.0,0.0,Other,39,5.56,6.11,6.11,14.78,62.05,0,Side,Low (<300)
Mcdonalds,6 Piece Chicken McNuggets,270,140,16,2.5,0.0,45,510,16,1.0,0,15.0,0.0,2.0,0.0,Other,40,5.56,5.93,5.93,22.17,60.57,0,Side,Low (<300)
Mcdonalds,10 Piece Chicken McNuggets,440,240,27,4.5,0.0,75,840,26,2.0,0,24.0,0.0,4.0,2.0,Other,41,5.45,6.14,5.91,36.52,56.88,0,Side,Medium (300-600)
Mcdonalds,20 Piece Chicken McNuggets,890,480,53,9.0,0.0,145,1680,53,4.0,0,49.0,0.0,8.0,4.0,Other,42,5.51,5.96,5.96,73.04,48.22,0,Side,High (600-900)
Mcdonalds,4 piece Sweet N' Spicy Honey BBQ Glazed Tenders,640,240,27,4.0,0.0,105,1780,63,2.0,35,39.0,4.0,15.0,4.0,Other,43,6.09,4.22,9.84,77.39,51.64,0,Dessert/Drink,High (600-900)
Mcdonalds,6 piece Sweet N' Spicy Honey BBQ Glazed Tenders,960,360,40,6.0,0.0,160,2670,94,3.0,52,58.0,4.0,25.0,8.0,Other,44,6.04,4.17,9.79,116.09,44.29,0,Dessert/Drink,Very High (900+)
Mcdonalds,Premium Asian Salad w/o Chicken,140,70,7,0.5,0.0,0,20,13,5.0,7,7.0,180.0,45.0,10.0,Other,45,5.0,5.0,9.29,0.87,64.65,0,Salad/Bowl,Low (<300)
Mcdonalds,Premium Asian Salad w/ Grilled Chicken,270,80,9,1.0,0.0,80,740,18,5.0,10,31.0,180.0,70.0,10.0,Other,46,11.48,3.33,6.67,32.17,66.17,0,Salad/Bowl,Low (<300)
Mcdonalds,Premium Asian Salad w/ Crispy Chicken,490,250,28,8.0,0.0,95,1120,28,4.0,4,33.0,180.0,60.0,15.0,Other,47,6.73,5.71,5.71,48.7,53.89,0,Salad/Bowl,Medium (300-600)
Mcdonalds,Premium Bacon Ranch Salad w/o Chicken,190,110,12,5.0,0.0,40,660,9,3.0,3,14.0,180.0,50.0,15.0,Other,48,7.37,6.32,4.74,28.7,59.69,0,Salad/Bowl,Low (<300)
Mcdonalds,Premium Bacon Ranch Salad w/ Grilled Chicken,320,120,14,6.0,0.0,45,1230,9,3.0,4,42.0,180.0,60.0,15.0,Other,49,13.12,4.38,2.81,53.48,61.11,0,Salad/Bowl,Medium (300-600)
Mcdonalds,Premium Bacon Ranch Salad w/ Crispy Chicken,490,250,28,8.0,0.0,95,1120,28,4.0,4,33.0,180.0,60.0,15.0,Other,50,6.73,5.71,5.71,48.7,53.89,0,Salad/Bowl,Medium (300-600)
Mcdonalds,Premium Southwest Salad w/o Chicken,220,90,10,3.5,0.0,15,500,26,6.0,9,8.0,180.0,40.0,20.0,Other,51,3.64,4.55,11.82,21.74,57.97,0,Salad/Bowl,Low (<300)
Mcdonalds,Premium Southwest Salad w/ Grilled Chicken,350,100,12,4.5,0.0,110,1070,27,6.0,9,37.0,180.0,50.0,20.0,Other,52,10.57,3.43,7.71,46.52,60.6,0,Salad/Bowl,Medium (300-600)
Mcdonalds,Premium Southwest Salad w/ Crispy Chicken,520,230,25,6.0,0.0,75,960,46,8.0,9,28.0,180.0,40.0,20.0,Other,53,5.38,4.81,8.85,41.74,54.96,0,Salad/Bowl,Medium (300-600)
Chick Fil-A,Chargrilled Chicken Club Sandwich,430,144,16,8.0,0.0,85,1120,37,3.0,7,37.0,30.0,40.0,25.0,Other,54,8.6,3.72,8.6,48.7,55.8,0,Main,Medium (300-600)
Chick Fil-A,Chargrilled Chicken Sandwich,310,54,6,2.0,0.0,55,820,36,3.0,7,29.0,25.0,40.0,10.0,Other,55,9.35,1.94,11.61,35.65,62.75,0,Main,Medium (300-600)
Chick Fil-A,Chick-n-Slider,270,99,11,2.5,0.0,45,800,26,1.0,4,16.0,,0.0,2.0,Other,56,5.93,4.07,9.63,34.78,59.03,0,Other,Low (<300)
Chick Fil-A,1 Piece Chick-n-Strips,120,54,6,3.0,0.0,25,320,6,0.0,1,11.0,0.0,0.0,2.0,Other,57,9.17,5.0,5.0,13.91,65.19,0,Dessert/Drink,Low (<300)
Chick Fil-A,2 Piece Chick-n-Strips,230,108,12,3.0,0.0,55,630,13,1.0,1,22.0,0.0,2.0,4.0,Other,58,9.57,5.22,5.65,27.39,63.54,0,Dessert/Drink,Low (<300)
Chick Fil-A,3 Piece Chick-n-Strips,350,153,17,3.0,0.0,70,940,22,1.0,3,28.0,2.0,2.0,6.0,Other,59,8.0,4.86,6.29,40.87,59.87,0,Dessert/Drink,Medium (300-600)
Chick Fil-A,4 piece Chick-n-Strips,470,207,23,3.0,0.0,90,1250,29,1.0,4,37.0,2.0,4.0,8.0,Other,60,7.87,4.89,6.17,54.35,57.68,0,Dessert/Drink,Medium (300-600)
Chick Fil-A,Chicken Deluxe,500,207,23,7.0,0.0,75,1590,42,3.0,6,31.0,30.0,10.0,20.0,Other,61,6.2,4.6,8.4,69.13,50.92,0,Other,Medium (300-600)
Chick Fil-A,4 piece Chicken Nuggets,130,54,6,1.5,0.0,40,490,5,1.0,0,14.0,0.0,2.0,2.0,Other,62,10.77,4.62,3.85,21.3,66.75,0,Side,Low (<300)
Chick Fil-A,6 piece Chicken Nuggets,190,81,9,1.5,0.0,55,730,7,1.0,0,21.0,0.0,4.0,2.0,Other,63,11.05,4.74,3.68,31.74,65.44,0,Side,Low (<300)
Chick Fil-A,8 piece Chicken Nuggets,260,110,12,3.0,0.0,70,990,9,1.0,1,28.0,0.0,2.0,4.0,Other,64,10.77,4.62,3.46,43.04,62.38,0,Side,Low (<300)
Chick Fil-A,12 piece Chicken Nuggets,390,162,18,1.5,0.0,115,1460,14,2.0,1,41.0,0.0,8.0,4.0,Other,65,10.51,4.62,3.59,63.48,60.04,0,Side,Medium (300-600)
Chick Fil-A,30 piece Chicken Nuggets,970,414,46,2.5,0.0,285,3660,35,4.0,1,103.0,,20.0,10.0,Other,66,10.62,4.74,3.61,159.13,44.86,0,Side,Very High (900+)
Chick Fil-A,Chicken Salad Sandwich,490,170,19,3.0,0.0,80,1130,55,5.0,12,28.0,35.0,8.0,15.0,Other,67,5.71,3.88,11.22,49.13,56.26,0,Main,Medium (300-600)
Chick Fil-A,Chicken Sandwich,440,171,19,4.0,0.0,60,1350,40,2.0,5,28.0,2.0,4.0,15.0,Other,68,6.36,4.32,9.09,58.7,54.77,0,Main,Medium (300-600)
Chick Fil-A,4 Piece Grilled Chicken Nuggets,70,18,2,1.0,0.0,35,220,1,0.0,0,13.0,0.0,6.0,0.0,Other,69,18.57,2.86,1.43,9.57,76.89,0,Side,Low (<300)
Chick Fil-A,6 Piece Grilled Chicken Nuggets,110,27,3,1.0,0.0,50,330,2,0.0,0,19.0,0.0,8.0,0.0,Other,70,17.27,2.73,1.82,14.35,74.82,0,Side,Low (<300)
Chick Fil-A,8 piece Grilled Chicken Nuggets,140,36,4,1.0,0.0,70,440,2,0.0,0,25.0,0.0,10.0,2.0,Other,71,17.86,2.86,1.43,19.13,74.7,0,Side,Low (<300)
Chick Fil-A,12 Piece Grilled Chicken Nuggets,210,45,5,1.0,0.0,100,670,3,0.0,1,38.0,0.0,20.0,2.0,Other,72,18.1,2.38,1.43,29.13,73.42,0,Side,Low (<300)
Chick Fil-A,Spicy Grilled Chicken Sub Sandwich,430,108,12,4.5,0.0,85,1310,47,5.0,9,33.0,,25.0,25.0,Other,73,7.67,2.79,10.93,56.96,56.03,0,Main,Medium (300-600)
Chick Fil-A,Regular Grilled Chicken Sub Sandwich,450,117,13,6.0,0.0,75,1000,48,4.0,10,34.0,,50.0,25.0,Other,74,7.56,2.89,10.67,43.48,56.93,0,Main,Medium (300-600)
Chick Fil-A,Smokehouse BBQ Bacon Sandwich,500,162,18,0.0,0.0,95,1200,46,2.0,10,33.0,45.0,40.0,20.0,Other,75,6.6,3.6,9.2,52.17,58.81,0,Main,Medium (300-600)
Chick Fil-A,Spicy Chicken Sandwich,450,171,19,4.0,0.0,60,1620,41,1.0,5,29.0,4.0,2.0,15.0,Other,76,6.44,4.22,9.11,70.43,53.06,0,Main,Medium (300-600)
Chick Fil-A,Spicy Deluxe,540,225,25,8.0,0.0,80,1760,43,2.0,6,34.0,30.0,10.0,30.0,Other,77,6.3,4.63,7.96,76.52,49.2,0,Other,Medium (300-600)
Chick Fil-A,Chargrilled Chicken Cool Wrap,350,126,14,5.0,0.0,60,960,29,15.0,3,37.0,60.0,35.0,35.0,Other,78,10.57,4.0,8.29,41.74,60.98,0,Main,Medium (300-600)
Chick Fil-A,Chicken Enchiladas Meal Kit,860,423,47,16.0,1.0,100,2520,70,,8,39.0,,,,Other,79,4.53,5.47,8.14,109.57,36.76,0,Other,High (600-900)
Chick Fil-A,Chicken Parmesan Meal Kit,720,279,31,15.0,0.0,120,1780,65,,7,48.0,,,,Other,80,6.67,4.31,9.03,77.39,44.56,0,Other,High (600-900)
Sonic,Hatch Green Chile Cheeseburger,710,380,43,17.0,2.0,120,1120,44,2.0,7,35.0,10.0,25.0,30.0,Other,81,4.93,6.06,6.2,48.7,45.76,0,Main,High (600-900)
Sonic,Jalapeno Burger,640,330,37,14.0,2.0,100,930,42,2.0,6,31.0,4.0,2.0,20.0,Other,82,4.84,5.78,6.56,40.43,49.02,0,Main,High (600-900)
Sonic,Jr. Burger,340,150,17,6.0,1.0,35,640,34,1.0,6,15.0,2.0,4.0,6.0,Other,83,4.41,5.0,10.0,27.83,56.09,0,Main,Medium (300-600)
Sonic,Jr. Chili Cheeseburger,410,220,24,9.0,0.5,55,730,32,1.0,4,20.0,7.0,1.0,15.0,Other,84,4.88,5.85,7.8,31.74,53.88,0,Main,Medium (300-600)
Sonic,Jr. Deluxe Burger,380,200,23,6.0,1.0,40,470,32,1.0,4,15.0,2.0,4.0,6.0,Other,85,3.95,6.05,8.42,20.43,56.75,0,Main,Medium (300-600)
Sonic,Jr. Deluxe Cheeseburger,450,250,28,9.0,1.0,60,800,33,1.0,4,19.0,6.0,4.0,15.0,Other,86,4.22,6.22,7.33,34.78,52.74,0,Main,Medium (300-600)
Sonic,Jr. Double Cheeseburger,600,350,38,16.0,2.0,110,1350,35,1.0,7,31.0,15.0,4.0,25.0,Other,87,5.17,6.33,5.83,58.7,45.18,0,Main,Medium (300-600)
Sonic,Sonic Bacon Cheeseburger (w/mayo),870,530,59,20.0,2.0,140,1350,45,2.0,7,39.0,10.0,8.0,30.0,Other,88,4.48,6.78,5.17,58.7,41.68,0,Main,High (600-900)
Sonic,Sonic Burger W/ Mustard,640,330,37,14.0,2.0,100,790,43,2.0,7,31.0,6.0,8.0,20.0,Other,89,4.84,5.78,6.72,34.35,49.95,0,Main,High (600-900)
Sonic,Sonic Burger W/ Ketchup,650,340,37,14.0,2.0,100,860,46,2.0,10,32.0,8.0,10.0,20.0,Other,90,4.92,5.69,7.08,37.39,49.57,0,Main,High (600-900)
Sonic,Sonic Burger W/ Mayonnaise,740,430,48,15.0,2.0,110,760,44,2.0,7,31.0,6.0,8.0,20.0,Other,91,4.19,6.49,5.95,33.04,48.79,0,Main,High (600-900)
Sonic,Sonic Cheeseburger W/ Mustard,710,380,43,17.0,2.0,120,1120,43,2.0,7,35.0,10.0,8.0,30.0,Other,92,4.93,6.06,6.06,48.7,45.76,0,Main,High (600-900)
Sonic,Sonic Cheeseburger W/ Ketchup,720,380,43,17.0,2.0,120,1190,47,2.0,10,35.0,15.0,10.0,30.0,Other,93,4.86,5.97,6.53,51.74,45.23,0,Main,High (600-900)
Sonic,Sonic Cheeseburger W/ Mayonnaise,800,480,54,18.0,2.0,130,1090,44,2.0,7,35.0,10.0,8.0,30.0,Other,94,4.38,6.75,5.5,47.39,44.7,0,Main,High (600-900)
Sonic,Super Sonic Bacon Double Cheeseburger (w/mayo),1280,830,92,36.0,4.0,260,1630,44,2.0,7,67.0,15.0,6.0,40.0,Other,95,5.23,7.19,3.44,70.87,29.43,0,Main,Very High (900+)
Sonic,Super Sonic Double Cheeseburger W/ Mustard,1120,680,76,32.0,4.0,235,1550,44,2.0,8,63.0,15.0,8.0,40.0,Other,96,5.62,6.79,3.93,67.39,33.15,0,Main,Very High (900+)
Sonic,Super Sonic Double Cheeseburger W/ Ketchup,1130,680,76,32.0,4.0,235,1620,47,2.0,11,63.0,20.0,10.0,40.0,Other,97,5.58,6.73,4.16,70.43,32.65,0,Main,Very High (900+)
Sonic,Super Sonic Double Cheeseburger W/ Mayo,1220,780,87,34.0,4.0,245,1520,45,2.0,8,63.0,15.0,8.0,40.0,Other,98,5.16,7.13,3.69,66.09,31.48,0,Main,Very High (900+)
Sonic,Super Sonic Jalapeno Double Cheeseburger,1120,680,76,32.0,4.0,235,1690,43,2.0,7,63.0,15.0,2.0,40.0,Other,99,5.62,6.79,3.84,73.48,32.22,0,Main,Very High (900+)
Sonic,Veggie Burger W/ Ketchup,450,130,14,4.0,0.0,10,1410,67,5.0,11,15.0,6.0,8.0,25.0,Other,100,3.33,3.11,14.89,61.3,51.27,0,Main,Medium (300-600)
Sonic,Veggie Burger With Mustard,450,130,14,4.0,0.0,10,1350,64,5.0,8,15.0,6.0,8.0,27.0,Other,101,3.33,3.11,14.22,58.7,51.66,0,Main,Medium (300-600)
Sonic,Veggie Burger W/ Mustard,450,130,14,4.0,0.0,10,1300,64,5.0,8,15.0,6.0,8.0,25.0,Other,102,3.33,3.11,14.22,56.52,52.0,0,Main,Medium (300-600)
Sonic,Grilled Asiago Caesar Chicken Club Sandwich,610,270,30,7.0,0.0,110,1570,44,3.0,8,40.0,11.0,20.0,16.0,Other,103,6.56,4.92,7.21,68.26,51.42,0,Main,High (600-900)
Sonic,Crispy Asiago Caesar Chicken Club Sandwich,680,350,39,9.0,0.0,80,1120,53,4.0,7,31.0,11.0,7.0,16.0,Other,104,4.56,5.74,7.79,48.7,50.96,0,Main,High (600-900)
Sonic,Grilled Chicken Sandwich,430,180,20,4.0,0.0,80,940,33,2.0,6,28.0,6.0,8.0,10.0,Other,105,6.51,4.65,7.67,40.87,57.65,0,Main,Medium (300-600)
Sonic,Crispy Chicken Sandwich,570,300,33,5.0,0.0,45,1060,47,4.0,6,23.0,6.0,8.0,10.0,Other,106,4.04,5.79,8.25,46.09,53.62,0,Main,Medium (300-600)
Sonic,Chicken Strip Sandwich,450,220,24,4.0,0.0,35,740,43,1.0,4,19.0,0.0,0.0,4.0,Other,107,4.22,5.33,9.56,32.17,56.63,0,Main,Medium (300-600)
Sonic,3 Piece Crispy Chicken Tender Dinner,280,130,14,2.5,0.0,0,800,16,0.0,0,22.0,,,,Other,108,7.86,5.0,5.71,34.78,61.01,0,Dessert/Drink,Low (<300)
Sonic,5 Piece Crispy Chicken Tender Dinner,470,220,24,4.5,0.0,0,1340,26,0.0,0,37.0,,,,Other,109,7.87,5.11,5.53,58.26,56.04,0,Dessert/Drink,Medium (300-600)
Sonic,Deluxe Ultimate Chicken Sandwich,740,350,39,8.0,0.0,90,1550,63,4.0,12,33.0,10.0,8.0,15.0,Other,110,4.46,5.27,8.51,67.39,48.71,0,Main,High (600-900)
Sonic,Buffalo Dunked Ultimate Chicken Sandwich,1000,550,61,12.0,0.5,125,4520,70,5.0,12,23.0,,,,Other,111,2.3,6.1,7.0,196.52,23.99,0,Main,Very High (900+)
Sonic,Small Jumbo Popcorn Chicken,380,190,22,4.0,0.0,45,1250,27,3.0,1,18.0,0.0,0.0,2.0,Other,112,4.74,5.79,7.11,54.35,53.77,0,Other,Medium (300-600)
Sonic,Large Jumbo Popcorn Chicken,560,290,32,6.0,1.0,65,1890,41,5.0,2,27.0,0.0,0.0,4.0,Other,113,4.82,5.71,7.32,82.17,48.21,0,Other,Medium (300-600)
Sonic,Small Spicy Jumbo Popcorn Chicken,350,150,17,3.0,0.0,45,860,30,2.0,0,21.0,10.0,0.0,2.0,Other,114,6.0,4.86,8.57,37.39,58.35,0,Other,Medium (300-600)
Sonic,Large Spicy Jumbo Popcorn Chicken,610,270,30,5.0,0.0,80,1500,51,3.0,0,36.0,17.0,0.0,3.0,Other,115,5.9,4.92,8.36,65.22,52.61,0,Other,High (600-900)
Sonic,3 Piece Super Crunch Chicken Strip Dinner,970,410,46,8.0,1.0,55,2160,109,7.0,9,30.0,1.0,6.0,13.0,Other,116,3.09,4.74,11.24,93.91,43.25,0,Dessert/Drink,Very High (900+)
Sonic,4 Piece Super Crunch Chicken Strip Dinner,1080,460,51,9.0,1.0,75,2390,118,8.0,9,37.0,1.0,7.0,13.0,Other,117,3.43,4.72,10.93,103.91,41.38,0,Dessert/Drink,Very High (900+)
Sonic,5 Piece Super Crunch Chicken Strip Dinner,1190,510,57,10.0,1.0,90,2610,126,8.0,9,44.0,2.0,8.0,14.0,Other,118,3.7,4.79,10.59,113.48,39.49,0,Dessert/Drink,Very High (900+)
Sonic,3 Piece Super Crunch Chicken Strips,330,140,16,3.0,0.0,55,670,25,2.0,0,22.0,1.0,2.0,1.0,Other,119,6.67,4.85,7.58,29.13,60.3,0,Dessert/Drink,Medium (300-600)
Sonic,4 Piece Super Crunch Chicken Strips,440,190,21,4.0,0.0,70,900,34,2.0,1,29.0,1.0,2.0,1.0,Other,120,6.59,4.77,7.73,39.13,57.99,0,Dessert/Drink,Medium (300-600)
Sonic,5 Piece Super Crunch Chicken Strips,550,240,26,5.0,0.0,90,1120,42,3.0,1,36.0,1.0,3.0,2.0,Other,121,6.55,4.73,7.64,48.7,55.8,0,Dessert/Drink,Medium (300-600)
Sonic,Traditional Ultimate Chicken Sandwich,730,350,39,8.0,0.0,90,1540,62,3.0,11,32.0,4.0,2.0,15.0,Other,122,4.38,5.34,8.49,66.96,48.69,0,Main,High (600-900)
Sonic,Ultimate Chicken Club,100,580,64,15.0,0.5,100,2070,65,4.0,12,39.0,15.0,8.0,30.0,Other,123,39.0,64.0,65.0,90.0,75.8,0,Other,Low (<300)
Sonic,"All Beef All-american Style Dog – 6""",370,160,18,7.0,0.0,40,1180,40,1.0,15,12.0,2.0,4.0,8.0,Other,124,3.24,4.86,10.81,51.3,50.61,0,Other,Medium (300-600)
Sonic,"All Beef Chicago Dog – 6""",430,180,20,7.0,0.0,40,2310,49,1.0,17,14.0,4.0,6.0,10.0,Other,125,3.26,4.65,11.4,100.43,43.13,0,Other,Medium (300-600)
Sonic,"All Beef Chili Cheese Coney – 6""",410,230,26,11.0,0.0,65,1140,30,2.0,4,17.0,10.0,2.0,20.0,Other,126,4.15,6.34,7.32,49.57,49.01,0,Dessert/Drink,Medium (300-600)
Sonic,"All Beef New York Dog – 6""",340,170,19,7.0,0.0,40,1250,30,3.0,4,13.0,2.0,10.0,8.0,Other,127,3.82,5.59,8.82,54.35,50.74,0,Other,Medium (300-600)
Sonic,"All Beef Regular Hot Dog – 6""",320,160,18,7.0,0.0,40,870,27,1.0,3,11.0,0.0,2.0,8.0,Other,128,3.44,5.62,8.44,37.83,52.87,0,Other,Medium (300-600)
Sonic,Cheesy Bacon Pretzel Dog - 6 In.,500,240,26,10.0,0.0,50,1410,46,2.0,7,15.0,1.0,3.0,8.0,Other,129,3.0,5.2,9.2,61.3,46.74,0,Other,Medium (300-600)
Sonic,Corn Dog,210,100,11,4.0,0.0,20,530,23,2.0,4,6.0,0.0,0.0,4.0,Other,130,2.86,5.24,10.95,23.04,56.63,0,Other,Low (<300)
Sonic,Footlong Quarter Pound Coney,830,490,54,22.0,1.0,85,1940,54,3.0,9,30.0,15.0,4.0,30.0,Other,131,3.61,6.51,6.51,84.35,35.48,0,Dessert/Drink,High (600-900)
Sonic,The Original Pretzel Dog,320,160,18,7.0,0.0,35,910,27,1.0,2,11.0,0.0,0.0,4.0,Other,132,3.44,5.62,8.44,39.57,52.6,0,Other,Medium (300-600)
Arbys,Arby's Melt,330,100,11,4.0,0.0,30,920,40,2.0,5,18.0,2.0,0.0,8.0,Other,133,5.45,3.33,12.12,40.0,56.69,0,Other,Medium (300-600)
Arbys,Arby-Q Sandwich,400,90,10,3.0,0.0,30,1230,58,3.0,23,18.0,4.0,10.0,10.0,Other,134,4.5,2.5,14.5,53.48,54.36,0,Main,Medium (300-600)
Arbys,Beef 'n Cheddar Classic,450,180,20,6.0,1.0,50,1280,45,2.0,9,23.0,2.0,2.0,15.0,Other,135,5.11,4.44,10.0,55.65,52.56,0,Other,Medium (300-600)
Arbys,Beef 'n Cheddar Mid,630,290,32,11.0,1.5,100,2100,48,2.0,9,39.0,2.0,2.0,15.0,Other,136,6.19,5.08,7.62,91.3,44.74,0,Other,High (600-900)
Arbys,Bourbon BBQ Brisket Sandwich,650,300,33,12.0,1.0,105,1460,51,2.0,15,38.0,,,,Other,137,5.85,5.08,7.85,63.48,47.94,0,Main,High (600-900)
Arbys,Bourbon BBQ Chicken Sandwich,690,280,31,9.0,0.0,90,1990,66,3.0,16,38.0,,,,Other,138,5.51,4.49,9.57,86.52,46.16,0,Main,High (600-900)
Arbys,Bourbon BBQ Steak Sandwich,690,280,31,9.0,0.0,90,1990,66,3.0,16,38.0,,,,Other,139,5.51,4.49,9.57,86.52,46.16,0,Main,High (600-900)
Arbys,Buttermilk Buffalo Chicken Sandwich,540,220,24,4.5,0.0,60,2110,53,2.0,6,29.0,,,,Other,140,5.37,4.44,9.81,91.74,48.36,0,Main,Medium (300-600)
Arbys,Buttermilk Chicken Bacon & Swiss,650,280,31,9.0,0.0,90,1750,56,2.0,9,39.0,,,,Other,141,6.0,4.77,8.62,76.09,48.26,0,Other,High (600-900)
Arbys,Buttermilk Chicken Cordon Bleu Sandwich,690,310,35,10.0,0.0,110,2000,53,1.0,7,41.0,,,,Other,142,5.94,5.07,7.68,86.96,45.84,0,Main,High (600-900)
Arbys,Buttermilk Crispy Chicken Sandwich,550,230,26,4.5,0.0,60,1480,52,2.0,6,29.0,,,,Other,143,5.27,4.73,9.45,64.35,52.44,0,Main,Medium (300-600)
Arbys,Classic French Dip & Swiss/Au Jus,540,210,23,11.0,1.0,85,2500,50,2.0,3,35.0,2.0,8.0,15.0,Other,144,6.48,4.26,9.26,108.7,42.38,0,Other,Medium (300-600)
Arbys,Classic Roast Beef,360,120,14,5.0,0.5,50,970,37,2.0,5,23.0,0.0,0.0,6.0,Other,145,6.39,3.89,10.28,42.17,56.63,0,Other,Medium (300-600)
Arbys,Double Roast Beef,510,210,24,9.0,1.5,95,1610,38,2.0,5,38.0,0.0,0.0,6.0,Other,146,7.45,4.71,7.45,70.0,50.68,0,Other,Medium (300-600)
Arbys,Fire-Roasted Philly Steak,640,290,32,11.0,0.5,105,1950,46,3.0,4,42.0,,,,Other,147,6.56,5.0,7.19,84.78,46.11,0,Beverage,High (600-900)
Arbys,Grand Turkey Club,480,220,24,7.0,0.0,65,1610,37,2.0,9,30.0,15.0,10.0,15.0,Other,148,6.25,5.0,7.71,70.0,50.84,0,Other,Medium (300-600)
Arbys,Greek Gyro,710,390,44,13.0,0.0,75,1360,55,4.0,6,23.0,,,,Other,149,3.24,6.2,7.75,59.13,45.23,0,Other,High (600-900)
Arbys,Half Pound Beef 'n Cheddar Sandwich,740,350,39,14.0,2.0,130,2530,48,2.0,9,49.0,,,,Other,150,6.62,5.27,6.49,110.0,40.23,0,Main,High (600-900)
Arbys,Half Pound French Dip & Swiss,750,330,36,17.0,2.0,150,3350,51,2.0,3,55.0,,,,Other,151,7.33,4.8,6.8,145.65,33.42,0,Other,High (600-900)
Arbys,Half Pound Roast Beef Sandwich,610,270,30,12.0,2.0,130,2040,38,2.0,5,48.0,,,,Other,152,7.87,4.92,6.23,88.7,46.16,0,Main,High (600-900)
Arbys,Ham & Swiss Melt,300,80,9,4.0,0.0,35,1030,37,2.0,6,18.0,2.0,0.0,15.0,Other,153,6.0,3.0,12.33,44.78,56.53,0,Other,Low (<300)
Arbys,Loaded Italian Sandwich,680,360,40,14.0,0.5,100,2270,49,3.0,7,32.0,,,,Other,154,4.71,5.88,7.21,98.7,40.0,0,Main,High (600-900)
Arbys,Pecan Chicken Salad Flatbread,710,410,46,7.0,0.5,65,980,53,4.0,9,22.0,,,,Other,155,3.1,6.48,7.46,42.61,51.79,0,Salad/Bowl,High (600-900)
Arbys,Pecan Chicken Salad Sandwich,840,400,44,6.0,0.5,75,1210,81,6.0,20,33.0,10.0,8.0,25.0,Other,156,3.93,5.24,9.64,52.61,51.81,0,Main,High (600-900)
Arbys,2 piece Prime-Cut Chicken Tenders,240,100,11,1.5,0.0,30,640,19,1.0,0,16.0,0.0,0.0,2.0,Other,157,6.67,4.58,7.92,27.83,61.55,0,Dessert/Drink,Low (<300)
Arbys,3 piece Prime-Cut Chicken Tenders,360,150,17,2.5,0.0,45,950,28,2.0,0,23.0,0.0,4.0,2.0,Other,158,6.39,4.72,7.78,41.3,58.5,0,Dessert/Drink,Medium (300-600)
Arbys,5 piece Prime-Cut Chicken Tenders,600,250,28,4.0,0.0,75,1590,47,3.0,0,39.0,0.0,8.0,2.0,Other,159,6.5,4.67,7.83,69.13,53.32,0,Dessert/Drink,Medium (300-600)
Arbys,Reuben Sandwich,680,280,31,8.0,0.5,80,2420,62,4.0,5,37.0,6.0,20.0,35.0,Other,160,5.44,4.56,9.12,105.22,43.94,0,Main,High (600-900)
Arbys,Roast Beef Gyro,550,260,29,7.0,1.0,60,1290,48,3.0,5,24.0,10.0,15.0,10.0,Other,161,4.36,5.27,8.73,56.09,51.03,0,Other,Medium (300-600)
Arbys,Roast Turkey & Swiss Sandwich,710,260,28,7.0,0.0,65,1930,79,5.0,15,38.0,20.0,10.0,45.0,Other,162,5.35,3.94,11.13,83.91,47.79,0,Main,High (600-900)
Arbys,Roast Turkey & Swiss Wrap,520,240,27,9.0,0.0,65,1640,39,4.0,6,30.0,20.0,10.0,35.0,Other,163,5.77,5.19,7.5,71.3,48.75,0,Main,Medium (300-600)
Arbys,"Roast Turkey, Ranch & Bacon Sandwich",800,310,34,10.0,0.5,80,2420,79,5.0,16,45.0,20.0,10.0,45.0,Other,164,5.62,4.25,9.88,105.22,42.72,0,Main,High (600-900)
Arbys,"Roast Turkey, Ranch & Bacon Wrap",620,310,34,11.0,0.5,85,2130,39,4.0,6,37.0,20.0,10.0,30.0,Other,165,5.97,5.48,6.29,92.61,44.31,0,Main,High (600-900)
Arbys,Smoke Mountain w/ Beef Short Rib,740,320,35,13.0,1.0,125,2050,62,4.0,17,43.0,,,,Other,166,5.81,4.73,8.38,89.13,43.28,0,Other,High (600-900)
Arbys,Smokehouse Beef Short Rib Sandwich,590,250,59,10.0,1.0,75,1510,59,4.0,14,26.0,,,,Other,167,4.41,10.0,10.0,65.65,47.52,0,Main,Medium (300-600)
Arbys,Smokehouse Brisket,600,310,35,12.0,1.0,110,1240,42,2.0,7,33.0,4.0,8.0,20.0,Other,168,5.5,5.83,7.0,53.91,49.04,0,Other,Medium (300-600)
Arbys,Super Roast Beef,430,160,17,5.0,1.0,45,1060,45,3.0,11,23.0,10.0,10.0,8.0,Other,169,5.35,3.95,10.47,46.09,54.96,0,Other,Medium (300-600)
Arbys,Three Cheese Steak Sandwich,650,320,36,15.0,1.0,115,1760,44,2.0,9,30.0,,,,Other,170,4.62,5.54,6.77,76.52,42.59,0,Main,High (600-900)
Arbys,Triple Decker Sandwich,1030,459,51,17.0,1.0,155,2940,83,5.0,19,62.0,,,,Other,171,6.02,4.95,8.06,127.83,34.8,0,Main,Very High (900+)
Arbys,Turkey Avocado Club,730,252,28,6.0,0.0,65,2140,80,6.0,16,41.0,,,,Other,172,5.62,3.84,10.96,93.04,47.37,0,Other,High (600-900)
Arbys,Turkey Gyro,470,180,20,3.5,0.0,45,1520,48,3.0,5,25.0,10.0,15.0,10.0,Other,173,5.32,4.26,10.21,66.09,52.93,0,Other,Medium (300-600)
Arbys,Ultimate BLT,980,495,55,14.0,0.0,85,2130,80,6.0,19,43.0,,,,Other,174,4.39,5.61,8.16,92.61,40.6,0,Other,Very High (900+)
Arbys,Buffalo Chicken Slider,290,120,13,2.0,0.0,20,860,31,2.0,2,12.0,,,,Other,175,4.14,4.48,10.69,37.39,57.14,0,Other,Low (<300)
Arbys,Chicken Tender 'n Cheese Slider,290,110,12,3.5,0.0,25,720,30,1.0,1,15.0,,,,Other,176,5.17,4.14,10.34,31.3,58.08,0,Other,Low (<300)
Arbys,Corned Beef 'n Cheese Slider,220,80,9,3.5,0.0,30,890,21,1.0,1,14.0,,,,Other,177,6.36,4.09,9.55,38.7,58.17,0,Other,Low (<300)
Arbys,Ham 'n Cheese Slider,210,70,8,3.0,0.0,25,780,21,1.0,2,13.0,,,,Other,178,6.19,3.81,10.0,33.91,59.08,0,Other,Low (<300)
Arbys,Jalapeno Roast Beef 'n Cheese Slider,240,90,11,4.5,0.0,30,670,21,1.0,1,14.0,,,,Other,179,5.83,4.58,8.75,29.13,58.39,0,Other,Low (<300)
Arbys,Pizza Slider,300,150,17,6.0,0.0,35,930,23,1.0,2,13.0,,,,Other,180,4.33,5.67,7.67,40.43,54.08,0,Other,Low (<300)
Arbys,Roast Beef 'n Cheese Slider,240,90,11,4.5,0.0,30,670,21,1.0,1,14.0,,,,Other,181,5.83,4.58,8.75,29.13,58.39,0,Other,Low (<300)
Arbys,Turkey 'n Cheese Slider,200,60,7,2.5,0.0,25,760,21,1.0,2,14.0,,,,Other,182,7.0,3.5,10.5,33.04,60.39,0,Other,Low (<300)
Arbys,Chopped Side Salad,70,45,5,2.5,0.0,15,100,4,1.0,2,5.0,35.0,10.0,10.0,Other,183,7.14,7.14,5.71,4.35,64.91,0,Side,Low (<300)
Arbys,Crispy Chicken Farmhouse Salad,430,220,24,8.0,0.0,65,1000,26,4.0,4,28.0,60.0,20.0,25.0,Other,184,6.51,5.58,6.05,43.48,54.46,0,Salad/Bowl,Medium (300-600)
Arbys,Greek Gyro Salad,420,340,37,9.0,0.0,55,700,11,2.0,4,10.0,,,,Other,185,2.38,8.81,2.62,30.43,51.52,0,Salad/Bowl,Medium (300-600)
Arbys,Roast Turkey Farmhouse Salad,230,120,13,7.0,0.0,55,870,8,2.0,5,22.0,60.0,20.0,25.0,Other,186,9.57,5.65,3.48,37.83,59.16,0,Salad/Bowl,Low (<300)
Arbys,Super Greek Salad,720,480,53,15.0,0.0,85,1310,39,5.0,7,22.0,,,,Other,187,3.06,7.36,5.42,56.96,43.98,0,Salad/Bowl,High (600-900)
Burger King,Bacon & Swiss Sourdough King,1000,585,65,24.0,3.0,200,1320,48,2.0,8,56.0,,,,Other,188,5.6,6.5,4.8,57.39,40.24,0,Other,Very High (900+)
Burger King,Bacon Cheeseburger,330,140,16,7.0,0.0,55,830,32,1.0,7,18.0,,,,Other,189,5.45,4.85,9.7,36.09,55.2,0,Main,Medium (300-600)
Burger King,Bacon Cheeseburger Deluxe,290,120,14,6.0,0.5,40,720,28,1.0,7,12.0,,,,Other,190,4.14,4.83,9.66,31.3,55.28,0,Main,Low (<300)
Burger King,Bacon King,1040,630,48,28.0,2.5,220,1900,48,1.0,10,57.0,,,,Other,191,5.48,4.62,4.62,82.61,33.47,0,Other,Very High (900+)
Burger King,Bacon King Jr,730,351,39,9.0,0.0,90,1930,63,0.0,16,32.0,,,,Other,192,4.38,5.34,8.63,83.91,45.4,0,Other,High (600-900)
Burger King,BBQ Bacon King,1100,675,75,29.0,3.0,220,1850,51,,13,57.0,,,,Other,193,5.18,6.82,4.64,80.43,32.8,0,Other,Very High (900+)
Burger King,Cheeseburger,300,130,14,6.0,0.0,45,710,28,1.0,6,16.0,,,,Other,194,5.33,4.67,9.33,30.87,56.57,0,Main,Low (<300)
Burger King,Double Bacon Cheeseburger,520,280,31,14.0,1.0,105,1180,33,1.0,8,31.0,,,,Other,195,5.96,5.96,6.35,51.3,48.51,0,Main,Medium (300-600)
Burger King,Double Cheeseburger,450,230,26,12.0,1.0,95,960,29,1.0,6,26.0,,,,Other,196,5.78,5.78,6.44,41.74,51.18,0,Main,Medium (300-600)
Burger King,Double Hamburger,360,160,18,8.0,0.0,70,520,28,1.0,6,22.0,,,,Other,197,6.11,5.0,7.78,22.61,57.23,0,Main,Medium (300-600)
Burger King,Double Quarter Pound King,900,486,54,25.0,3.0,210,1740,50,2.0,11,56.0,,,,Other,198,6.22,6.0,5.56,75.65,37.39,0,Other,High (600-900)
Burger King,Extra Long Cheeseburger,580,300,33,13.0,1.5,85,1030,45,2.0,9,26.0,,,,Other,199,4.48,5.69,7.76,44.78,48.69,0,Main,Medium (300-600)
Burger King,Hamburger,260,90,10,4.0,0.0,35,490,28,1.0,6,13.0,,,,Other,200,5.0,3.85,10.77,21.3,59.09,0,Main,Low (<300)
Burger King,Homestyle Cheeseburger,550,250,27,12.0,1.5,95,1140,48,2.0,10,30.0,,,,Other,201,5.45,4.91,8.73,49.57,49.65,0,Main,Medium (300-600)
Burger King,Jalapeno King Sandwich,990,585,65,24.0,3.0,205,1550,46,2.0,7,55.0,,,,Other,202,5.56,6.57,4.65,67.39,38.67,0,Main,Very High (900+)
Burger King,Mushroom & Swiss King,940,567,63,21.0,2.5,175,1380,45,,8,49.0,,,,Other,203,5.21,6.7,4.79,60.0,41.53,0,Other,Very High (900+)
Burger King,Rodeo Burger,310,110,13,4.0,0.5,25,450,38,1.0,9,9.0,,,,Other,204,2.9,4.19,12.26,19.57,57.2,0,Main,Medium (300-600)
Burger King,Rodeo King,1250,738,82,31.0,3.5,230,2270,69,3.0,14,60.0,,,,Other,205,4.8,6.56,5.52,98.7,28.23,0,Other,Very High (900+)
Burger King,Sourdough King Single,730,387,43,16.0,1.5,125,1570,52,2.0,12,35.0,,,,Other,206,4.79,5.89,7.12,68.26,43.33,0,Other,High (600-900)
Burger King,Sourdough King Double,970,549,61,24.0,3.0,205,1640,52,2.0,12,55.0,,,,Other,207,5.67,6.29,5.36,71.3,38.19,0,Other,Very High (900+)
Burger King,Steakhouse King,1100,666,74,24.0,1.0,180,1620,59,,13,50.0,,,,Other,208,4.55,6.73,5.36,70.43,37.17,0,Beverage,Very High (900+)
Burger King,Bacon & Cheese Whopper,770,432,48,16.0,2.0,95,1360,47,2.0,9,29.0,,,,Other,209,3.77,6.23,6.1,59.13,43.68,0,Other,High (600-900)
Burger King,DOUBLE WHOPPER w/o Cheese,900,510,57,19.0,2.0,140,1050,51,3.0,11,47.0,,,,Other,210,5.22,6.33,5.67,45.65,45.13,0,Other,High (600-900)
Burger King,DOUBLE WHOPPER w/ Cheese,990,580,65,24.0,2.0,160,1480,53,3.0,11,52.0,,,,Other,211,5.25,6.57,5.35,64.35,38.82,0,Other,Very High (900+)
Burger King,WHOPPER w/o Cheese,660,360,40,12.0,1.5,90,980,49,2.0,11,28.0,,,,Other,212,4.24,6.06,7.42,42.61,49.47,0,Other,High (600-900)
Burger King,WHOPPER w/ Cheese,760,430,47,16.0,1.0,100,1410,53,3.0,11,33.0,,,,Other,213,4.34,6.18,6.97,61.3,43.93,0,Other,High (600-900)
Burger King,WHOPPER JR. w/o Cheese,340,170,19,5.0,0.0,40,510,28,2.0,6,14.0,,,,Other,214,4.12,5.59,8.24,22.17,57.35,0,Other,Medium (300-600)
Burger King,WHOPPER JR. w/ Cheese,380,210,23,8.0,1.0,55,730,29,2.0,6,16.0,,,,Other,215,4.21,6.05,7.63,31.74,53.89,0,Other,Medium (300-600)
Burger King,Bacon Cheddar Ranch Chicken Salad w/ grilled Chicken & Dressing,590,360,40,12.0,0.0,150,1540,18,3.0,6,42.0,,,,Other,216,7.12,6.78,3.05,66.96,48.71,0,Salad/Bowl,Medium (300-600)
Burger King,Bacon Cheddar Ranch Chicken Salad w/ crispy Chicken & Dressing,720,450,50,13.0,0.0,120,1960,32,5.0,7,36.0,,,,Other,217,5.0,6.94,4.44,85.22,43.05,0,Salad/Bowl,High (600-900)
Burger King,Chicken BLT Salad w/ Grilled Chicken,550,330,37,10.0,0.0,115,1640,17,3.0,5,36.0,,,,Other,218,6.55,6.73,3.09,71.3,48.86,0,Salad/Bowl,Medium (300-600)
Burger King,Chicken BLT Salad w/ Crispy Chicken,690,430,48,12.0,1.0,100,1750,31,4.0,8,35.0,,,,Other,219,5.07,6.96,4.49,76.09,45.21,0,Salad/Bowl,High (600-900)
Burger King,Chicken Caesar Salad w/ Grilled Chicken,530,290,32,5.0,0.0,95,1640,26,3.0,6,35.0,,,,Other,220,6.6,6.04,4.91,71.3,52.4,0,Salad/Bowl,Medium (300-600)
Burger King,Chicken Caesar Salad w/ Crispy Chicken,670,380,43,7.0,0.0,80,1760,40,5.0,8,34.0,,,,Other,221,5.07,6.42,5.97,76.52,48.64,0,Salad/Bowl,High (600-900)
Burger King,"Chicken, Apple & Cranberry Salad w/ Grilled Chicken",560,270,30,7.0,0.0,90,980,40,4.0,34,29.0,,,,Other,222,5.18,5.36,7.14,42.61,53.92,0,Salad/Bowl,Medium (300-600)
Burger King,"Chicken, Apple & Cranberry Salad w/ Crispy Chicken",700,370,41,9.0,0.0,80,1090,54,5.0,37,28.0,,,,Other,223,4.0,5.86,7.71,47.39,50.59,0,Salad/Bowl,High (600-900)
Burger King,"Garden Grilled Chicken Salad w/ Grilled Chicken, no dressing",320,120,14,6.0,0.0,115,650,16,2.0,4,36.0,,,,Other,224,11.25,4.38,5.0,28.26,63.04,0,Salad/Bowl,Medium (300-600)
Burger King,"Garden Grilled Chicken Salad w/ Crispy Chicken, no dressing",450,220,24,7.0,0.0,85,1070,30,5.0,6,29.0,,,,Other,225,6.44,5.33,6.67,46.52,54.62,0,Salad/Bowl,Medium (300-600)
Burger King,Side Caesar Salad with dressing,220,180,20,4.0,0.0,10,540,7,2.0,3,6.0,,,,Other,226,2.73,9.09,3.18,23.48,56.42,0,Side,Low (<300)
Burger King,Side Garden Salad and Avocado Ranch Dressing,230,190,21,5.0,0.0,30,520,7,2.0,3,5.0,,,,Other,227,2.17,9.13,3.04,22.61,55.29,0,Side,Low (<300)
Burger King,Bacon Cheddar Ranch Crispy Chicken Sandwich,830,468,52,14.0,0.5,110,2100,57,,9,34.0,,,,Other,228,4.1,6.27,6.87,91.3,40.5,0,Main,High (600-900)
Burger King,BBQ Bacon Crispy Chicken Sandwich,440,243,27,4.5,0.0,15,630,44,,13,7.0,,,,Other,229,1.59,6.14,10.0,27.39,54.31,0,Main,Medium (300-600)
Burger King,Big Fish Sandwich,530,250,27,4.5,0.0,30,1360,54,2.0,7,17.0,,,,Other,230,3.21,5.09,10.19,59.13,51.13,0,Main,Medium (300-600)
Burger King,BK VEGGIE Burger,410,150,16,3.0,0.0,5,1030,44,7.0,8,22.0,,,,Other,231,5.37,3.9,10.73,44.78,56.58,0,Main,Medium (300-600)
Burger King,Chicken Burger,480,220,25,2.5,0.0,5,1160,42,2.0,10,22.0,,,,Other,232,4.58,5.21,8.75,50.43,55.25,0,Main,Medium (300-600)
Burger King,Chicken Cordon Bleu Sandwich,730,351,39,9.0,0.0,90,1930,63,,16,32.0,,,,Other,233,4.38,5.34,8.63,83.91,45.4,0,Main,High (600-900)
Burger King,Chicken Fries,290,150,17,3.0,1.5,40,780,18,1.0,1,16.0,,,,Other,234,5.52,5.86,6.21,33.91,58.39,0,Side,Low (<300)
Burger King,4 Piece Chicken Nuggets,190,100,11,2.0,0.0,25,310,10,1.0,0,10.0,,,,Other,235,5.26,5.79,5.26,13.48,61.94,0,Side,Low (<300)
Burger King,6 Piece Chicken Nuggets,290,150,17,3.0,0.0,40,460,15,1.0,0,15.0,,,,Other,236,5.17,5.86,5.17,20.0,60.16,0,Side,Low (<300)
Burger King,20 Piece Chicken Nuggets,950,500,55,11.0,0.0,130,1530,50,5.0,0,51.0,,,,Other,237,5.37,5.79,5.26,66.52,47.68,0,Side,Very High (900+)
Burger King,Chicken Nuggets (10pc),470,260,29,5.0,0.0,50,890,34,5.0,0,21.0,,,,Other,238,4.47,6.17,7.23,38.7,55.19,0,Side,Medium (300-600)
Burger King,Chicken Parmesan Sandwich,570,225,25,8.0,0.0,70,1340,57,,9,32.0,,,,Other,239,5.61,4.39,10.0,58.26,51.28,0,Main,Medium (300-600)
Burger King,Crispy Buffalo Chicken Melt,580,252,28,8.0,0.5,70,2310,56,,8,30.0,,,,Other,240,5.17,4.83,9.66,100.43,44.39,0,Other,Medium (300-600)
Burger King,Crispy Chicken Jr.,430,250,28,4.5,0.0,30,760,34,2.0,4,12.0,,,,Other,241,2.79,6.51,7.91,33.04,54.68,0,Other,Medium (300-600)
Burger King,Crispy Chicken Sandwich,670,370,41,7.0,0.5,60,1070,54,2.0,7,23.0,,,,Other,242,3.43,6.12,8.06,46.52,51.53,0,Main,High (600-900)
Burger King,Grilled Chicken Sandwich,470,170,19,3.5,0.0,85,850,39,2.0,6,37.0,,,,Other,243,7.87,4.04,8.3,36.96,59.99,0,Main,Medium (300-600)
Burger King,Grilled Chili Cheese Dog,330,170,19,8.0,1.0,40,980,28,2.0,5,14.0,,,,Other,244,4.24,5.76,8.48,42.61,52.26,0,Other,Medium (300-600)
Burger King,Grilled Hot Dog,310,140,16,6.0,1.0,30,960,32,2.0,10,11.0,,,,Other,245,3.55,5.16,10.32,41.74,53.08,0,Other,Medium (300-600)
Burger King,Jalapeno Chicken Fries,300,160,18,3.0,0.0,40,950,19,1.0,1,15.0,,,,Other,246,5.0,6.0,6.33,41.3,56.73,0,Side,Low (<300)
Burger King,Original Chicken Sandwich,630,350,39,7.0,1.0,65,1390,46,3.0,4,24.0,,,,Other,247,3.81,6.19,7.3,60.43,49.8,0,Main,High (600-900)
Burger King,Pretzel Chicken Fries,340,189,21,3.5,0.0,45,1200,21,1.0,1,16.0,,,,Other,248,4.71,6.18,6.18,52.17,54.42,0,Side,Medium (300-600)
Burger King,Rodeo Crispy Chicken Sandwich,410,150,17,3.0,0.0,20,870,53,2.0,14,12.0,,,,Other,249,2.93,4.15,12.93,37.83,55.14,0,Main,Medium (300-600)
Burger King,Sourdough Chicken Club,840,459,51,12.0,1.0,95,1760,62,3.0,7,32.0,,,,Other,250,3.81,6.07,7.38,76.52,43.85,0,Other,High (600-900)
Burger King,4 Piece Spicy Chicken Nuggets,210,135,15,3.0,0.0,20,570,11,2.0,0,8.0,,,,Other,251,3.81,7.14,5.24,24.78,58.03,0,Side,Low (<300)
Burger King,Spicy Chicken Nuggets,530,333,37,7.0,0.0,55,1420,28,,0,20.0,,,,Other,252,3.77,6.98,5.28,61.74,49.56,0,Side,Medium (300-600)
Burger King,Spicy Crispy Chicken Jr.,410,220,25,4.5,0.0,35,850,35,2.0,5,12.0,,,,Other,253,2.93,6.1,8.54,36.96,54.22,0,Other,Medium (300-600)
Burger King,Spicy Crispy Chicken Sandwich,700,378,42,7.0,0.0,65,1140,57,3.0,8,25.0,,,,Other,254,3.57,6.0,8.14,49.57,51.21,0,Main,High (600-900)
Burger King,Spicy Crispy Jalapeno Chicken Sandwich,760,405,45,11.0,0.0,95,1720,58,3.0,8,32.0,,,,Other,255,4.21,5.92,7.63,74.78,45.23,0,Main,High (600-900)
Dairy Queen,1/2 lb. FlameThrower® GrillBurger,1000,660,74,26.0,2.0,170,1610,40,2.0,9,46.0,25.0,8.0,30.0,Other,256,4.6,7.4,4.0,70.0,35.89,0,Main,Very High (900+)
Dairy Queen,1/2 lb. GrillBurger with Cheese,800,460,51,20.0,2.0,135,1280,44,3.0,13,40.0,25.0,6.0,35.0,Other,257,5.0,6.38,5.5,55.65,42.68,0,Main,High (600-900)
Dairy Queen,1/4 lb. Bacon Cheese GrillBurger,630,330,37,13.0,1.0,95,1250,44,2.0,13,30.0,20.0,6.0,25.0,Other,258,4.76,5.87,6.98,54.35,47.52,0,Main,High (600-900)
Dairy Queen,1/4 lb. GrillBurger with Cheese,540,270,30,11.0,1.0,70,1020,44,3.0,13,23.0,20.0,6.0,25.0,Other,259,4.26,5.56,8.15,44.35,49.92,0,Main,Medium (300-600)
Dairy Queen,1/4 lb. Mushroom Swiss GrillBurger,570,310,35,11.0,1.0,75,820,39,2.0,8,24.0,2.0,0.0,25.0,Other,260,4.21,6.14,6.84,35.65,51.2,0,Main,Medium (300-600)
Dairy Queen,Original Cheeseburger,400,160,18,9.0,1.0,65,930,34,1.0,8,19.0,10.0,0.0,10.0,Other,261,4.75,4.5,8.5,40.43,52.42,0,Main,Medium (300-600)
Dairy Queen,Original Double Cheeseburger,630,310,34,18.0,2.0,125,1240,34,1.0,9,34.0,15.0,0.0,20.0,Other,262,5.4,5.4,5.4,53.91,44.75,0,Main,High (600-900)
Dairy Queen,4 Piece Chicken Strip Basket w/ Country Gravy,1030,480,53,9.0,1.0,80,2780,105,9.0,4,35.0,2.0,0.0,10.0,Other,263,3.4,5.15,10.19,120.87,38.76,0,Dessert/Drink,Very High (900+)
Dairy Queen,6 Piece Chicken Strip Basket w/ Country Gravy,1260,590,66,11.0,1.0,120,3500,121,12.0,4,49.0,2.0,0.0,10.0,Other,264,3.89,5.24,9.6,152.17,33.09,0,Dessert/Drink,Very High (900+)
Dairy Queen,Bacon Cheese Dog,420,240,26,11.0,1.0,60,1140,26,1.0,3,19.0,,,,Other,265,4.52,6.19,6.19,49.57,49.39,0,Other,Medium (300-600)
Dairy Queen,Cheese Dog,390,220,24,11.0,1.0,50,1000,26,1.0,3,16.0,,,,Other,266,4.1,6.15,6.67,43.48,49.89,0,Other,Medium (300-600)
Dairy Queen,Chili Cheese Dog,380,220,24,11.0,1.0,55,900,23,1.0,3,16.0,10.0,0.0,15.0,Other,267,4.21,6.32,6.05,39.13,50.67,0,Other,Medium (300-600)
Dairy Queen,Chili Dog,330,180,20,8.0,1.0,40,1050,24,1.0,5,13.0,8.0,0.0,6.0,Other,268,3.94,6.06,7.27,45.65,51.49,0,Other,Medium (300-600)
Dairy Queen,Hot Dog,290,160,17,7.0,1.0,35,900,22,1.0,4,11.0,4.0,0.0,6.0,Other,269,3.79,5.86,7.59,39.13,53.03,0,Other,Low (<300)
Dairy Queen,Relish Dog,350,180,20,8.0,1.0,35,1000,30,1.0,6,13.0,,,,Other,270,3.71,5.71,8.57,43.48,51.59,0,Other,Medium (300-600)
Dairy Queen,Barbecue Pork Sandwich,310,80,9,3.0,0.0,50,830,41,2.0,9,17.0,10.0,4.0,4.0,Other,271,5.48,2.9,13.23,36.09,58.02,0,Main,Medium (300-600)
Dairy Queen,Breaded Mushrooms,250,80,9,1.0,0.0,0,500,36,2.0,1,7.0,0.0,2.0,2.0,Other,272,2.8,3.6,14.4,21.74,58.86,0,Other,Low (<300)
Dairy Queen,Regular Cheese Curds,550,410,45,25.0,0.0,150,900,0,0.0,0,35.0,30.0,0.0,100.0,Other,273,6.36,8.18,0.0,39.13,43.11,0,Other,Medium (300-600)
Dairy Queen,Large Cheese Curds,1050,670,75,43.0,1.0,180,2210,52,0.0,30,43.0,,,,Other,274,4.1,7.14,4.95,96.09,19.54,0,Other,Very High (900+)
Dairy Queen,Chili Cheese Mega Dog,760,440,49,21.0,2.0,100,1570,48,2.0,6,32.0,,,,Other,275,4.21,6.45,6.32,68.26,39.25,0,Other,High (600-900)
Dairy Queen,Corn Dog,260,140,15,4.0,0.0,20,450,26,1.0,7,6.0,0.0,4.0,0.0,Other,276,2.31,5.77,10.0,19.57,56.59,0,Other,Low (<300)
Dairy Queen,Crispy Fish Sandwich,470,200,22,3.0,0.0,20,1210,53,2.0,7,17.0,10.0,2.0,6.0,Other,277,3.62,4.68,11.28,52.61,53.59,0,Main,Medium (300-600)
Dairy Queen,Deluxe Cheeseburger,400,160,18,9.0,1.0,65,930,35,1.0,9,20.0,20.0,6.0,10.0,Other,278,5.0,4.5,8.75,40.43,52.68,0,Main,Medium (300-600)
Dairy Queen,Deluxe Double Cheeseburger,640,310,34,18.0,2.0,125,1240,35,1.0,9,34.0,25.0,6.0,20.0,Other,279,5.31,5.31,5.47,53.91,44.66,0,Main,High (600-900)
Dairy Queen,Deluxe Double Hamburger,540,240,26,13.0,1.0,100,750,34,1.0,9,29.0,15.0,6.0,4.0,Other,280,5.37,4.81,6.3,32.61,51.46,0,Main,Medium (300-600)
Dairy Queen,Deluxe Hamburger,350,130,14,7.0,1.0,50,680,34,1.0,9,17.0,15.0,6.0,4.0,Other,281,4.86,4.0,9.71,29.57,55.59,0,Main,Medium (300-600)
Dairy Queen,DQ Ultimate® Burger,780,430,48,22.0,2.0,150,1390,34,1.0,7,41.0,20.0,6.0,20.0,Other,282,5.26,6.15,4.36,60.43,40.82,0,Main,High (600-900)
Dairy Queen,Pork Tenderloin Sandwich,580,310,34,7.0,0.0,45,910,48,2.0,6,19.0,,,,Other,283,3.28,5.86,8.28,39.57,52.44,0,Main,Medium (300-600)
Dairy Queen,Steak Finger Basket,910,430,48,13.0,0.5,45,2210,95,5.0,2,23.0,,,,Other,284,2.53,5.27,10.44,96.09,38.86,0,Beverage,Very High (900+)
Dairy Queen,3 chicken strips Chicken Strips,350,180,20,3.0,0.0,60,960,22,10.0,0,22.0,,,,Other,285,6.29,5.71,6.29,41.74,57.99,0,Other,Medium (300-600)
Dairy Queen,Chicken Bacon Ranch Sandwich,500,180,20,8.0,0.0,65,1190,45,3.0,3,33.0,,,,Other,286,6.6,4.0,9.0,51.74,53.29,0,Main,Medium (300-600)
Dairy Queen,Chicken Mozzarella Sandwich,640,220,25,8.0,0.0,60,1530,68,4.0,3,34.0,,,,Other,287,5.31,3.91,10.62,66.52,49.71,0,Main,High (600-900)
Dairy Queen,Crispy Chicken BLT Salad,520,280,31,10.0,0.0,100,1470,25,9.0,6,37.0,,,,Other,288,7.12,5.96,4.81,63.91,50.57,0,Salad/Bowl,Medium (300-600)
Dairy Queen,Crispy Chicken Garden Greens Salad,280,120,13,2.0,0.0,40,670,24,9.0,6,17.0,,,,Other,289,6.07,4.64,8.57,29.13,60.38,0,Salad/Bowl,Low (<300)
Dairy Queen,Crispy Chicken Sandwich,600,270,30,5.0,0.0,55,1250,59,7.0,8,24.0,10.0,6.0,15.0,Other,290,4.0,5.0,9.83,54.35,52.32,0,Main,Medium (300-600)
Dairy Queen,Crispy Chicken Wrap,350,190,21,5.0,0.0,35,820,30,2.0,1,12.0,10.0,2.0,10.0,Other,291,3.43,6.0,8.57,35.65,54.59,0,Main,Medium (300-600)
Dairy Queen,Grilled Chicken BLT Salad,380,170,19,9.0,0.0,100,1540,11,3.0,6,42.0,,,,Other,292,11.05,5.0,2.89,66.96,54.83,0,Salad/Bowl,Medium (300-600)
Dairy Queen,Grilled Chicken Garden Greens Salad,150,20,2,0.5,0.0,40,730,10,3.0,6,23.0,,,,Other,293,15.33,1.33,6.67,31.74,70.53,0,Salad/Bowl,Low (<300)
Dairy Queen,Grilled Chicken Sandwich,360,140,15,3.0,0.0,50,1040,32,1.0,5,25.0,10.0,8.0,6.0,Other,294,6.94,4.17,8.89,45.22,58.12,0,Main,Medium (300-600)
Dairy Queen,Grilled Chicken Wrap,280,130,15,4.0,0.0,30,800,22,1.0,1,15.0,10.0,4.0,10.0,Other,295,5.36,5.36,7.86,34.78,57.4,0,Main,Low (<300)
Dairy Queen,Side Salad,20,0,0,0.0,0.0,0,15,5,2.0,3,1.0,50.0,30.0,15.0,Other,296,5.0,0.0,25.0,0.65,65.03,0,Side,Low (<300)
Dairy Queen,Turkey BLT Sandwich,550,240,26,8.0,0.0,60,1420,45,3.0,3,30.0,,,,Other,297,5.45,4.73,8.18,61.74,50.58,0,Main,Medium (300-600)
Subway,"6"" B.L.T.",320,80,9,4.0,0.0,20,680,43,5.0,6,15.0,8.0,8.0,30.0,Other,298,4.69,2.81,13.44,29.57,57.51,0,Other,Medium (300-600)
Subway,Footlong B.L.T.,640,160,18,8.0,0.0,40,1360,86,10.0,12,30.0,16.0,16.0,60.0,Other,299,4.69,2.81,13.44,59.13,50.2,0,Other,High (600-900)
Subway,"6"" BBQ Rib Sandwich",430,160,18,6.0,0.0,50,590,47,5.0,8,19.0,8.0,20.0,30.0,Other,300,4.42,4.19,10.93,25.65,56.43,0,Main,Medium (300-600)
Subway,Footlong BBQ Rib Sandwich,860,320,36,12.0,0.0,100,1180,94,10.0,16,38.0,16.0,40.0,60.0,Other,301,4.42,4.19,10.93,51.3,48.33,0,Main,High (600-900)
Subway,"6"" Big Hot Pastrami",580,310,31,11.0,0.0,85,1470,47,5.0,7,29.0,10.0,45.0,40.0,Other,302,5.0,5.34,8.1,63.91,47.7,0,Other,Medium (300-600)
Subway,Footlong Big Hot Pastrami,1160,620,62,22.0,0.0,170,2940,94,10.0,14,58.0,20.0,90.0,80.0,Other,303,5.0,5.34,8.1,127.83,30.27,0,Other,Very High (900+)
Subway,"6"" Big Philly Cheesesteak",500,150,17,9.0,1.0,85,1310,51,6.0,8,38.0,15.0,20.0,50.0,Other,304,7.6,3.4,10.2,56.96,52.82,0,Beverage,Medium (300-600)
Subway,Footlong Big Philly Cheesesteak,1000,300,34,18.0,2.0,170,2620,102,12.0,16,76.0,30.0,40.0,100.0,Other,305,7.6,3.4,10.2,113.91,37.85,0,Beverage,Very High (900+)
Subway,Kids Mini Sub Black Forest Ham,180,20,3,0.5,0.0,10,450,30,3.0,5,10.0,6.0,15.0,20.0,Other,306,5.56,1.67,16.67,19.57,62.37,0,Other,Low (<300)
Subway,"6"" Black Forest Ham",290,40,5,1.0,0.0,20,830,46,5.0,8,18.0,8.0,20.0,30.0,Other,307,6.21,1.72,15.86,36.09,60.16,0,Other,Low (<300)
Subway,Footlong Black Forest Ham,580,80,10,2.0,0.0,40,1660,92,10.0,16,36.0,16.0,40.0,60.0,Other,308,6.21,1.72,15.86,72.17,53.96,0,Other,Medium (300-600)
Subway,"6"" Carved Turkey",330,45,5,1.0,0.0,45,890,45,5.0,7,25.0,8.0,20.0,30.0,Other,309,7.58,1.52,13.64,38.7,61.17,0,Other,Medium (300-600)
Subway,Footlong Carved Turkey,660,90,10,2.0,0.0,90,1780,90,10.0,14,50.0,16.0,40.0,60.0,Other,310,7.58,1.52,13.64,77.39,54.56,0,Other,High (600-900)
Subway,"6"" Carved Turkey & Bacon w/ Cheese",570,230,26,7.0,0.0,70,1600,46,5.0,8,33.0,10.0,20.0,40.0,Other,311,5.79,4.56,8.07,69.57,50.43,0,Other,Medium (300-600)
Subway,Footlong Carved Turkey & Bacon w/ Cheese,1140,460,52,14.0,0.0,140,3200,92,10.0,16,66.0,20.0,40.0,80.0,Other,312,5.79,4.56,8.07,139.13,34.93,0,Other,Very High (900+)
Subway,"6"" Chicken & Bacon Ranch Melt",570,250,28,10.0,1.0,95,1080,47,5.0,8,35.0,15.0,25.0,50.0,Other,313,6.14,4.91,8.25,46.96,52.15,0,Other,Medium (300-600)
Subway,Footlong Chicken & Bacon Ranch Melt,1140,500,56,20.0,2.0,190,2160,94,10.0,16,70.0,30.0,50.0,100.0,Other,314,6.14,4.91,8.25,93.91,38.01,0,Other,Very High (900+)
Subway,"6"" Chicken Pizziola Melt",460,140,16,6.0,0.0,80,1140,49,6.0,9,32.0,15.0,30.0,45.0,Other,315,6.96,3.48,10.65,49.57,55.39,0,Other,Medium (300-600)
Subway,Footlong Chicken Pizziola Melt,920,280,32,12.0,0.0,160,2280,98,12.0,18,64.0,30.0,60.0,90.0,Other,316,6.96,3.48,10.65,99.13,43.63,0,Other,Very High (900+)
Subway,"6"" Cold Cut Combo",370,120,13,4.0,0.0,50,1140,46,5.0,7,18.0,10.0,20.0,35.0,Other,317,4.86,3.51,12.43,49.57,54.63,0,Other,Medium (300-600)
Subway,Footlong Cold Cut Combo,740,240,26,8.0,0.0,100,2280,92,10.0,14,36.0,20.0,40.0,70.0,Other,318,4.86,3.51,12.43,99.13,44.27,0,Other,High (600-900)
Subway,"6"" Corned Beef Reuben",470,130,15,4.5,0.0,85,1770,45,7.0,12,39.0,10.0,35.0,20.0,Other,319,8.3,3.19,9.57,76.96,53.62,0,Other,Medium (300-600)
Subway,Footlong Corned Beef Reuben,940,260,30,9.0,0.0,170,3540,90,14.0,24,78.0,20.0,70.0,40.0,Other,320,8.3,3.19,9.57,153.91,38.74,0,Other,Very High (900+)
Subway,"6"" Italian B.M.T.",410,150,16,6.0,0.0,45,1300,46,5.0,8,20.0,8.0,20.0,30.0,Other,321,4.88,3.9,11.22,56.52,52.19,0,Other,Medium (300-600)
Subway,Footlong Italian B.M.T.,820,300,32,12.0,0.0,90,2600,92,10.0,16,40.0,16.0,40.0,60.0,Other,322,4.88,3.9,11.22,113.04,39.38,0,Other,High (600-900)
Subway,"6"" Italian Hero",550,260,29,10.0,0.0,75,1470,47,5.0,9,26.0,10.0,20.0,40.0,Other,323,4.73,5.27,8.55,63.91,48.12,0,Other,Medium (300-600)
Subway,Footlong Italian Hero,1100,520,58,20.0,0.0,150,2940,94,10.0,18,52.0,20.0,40.0,80.0,Other,324,4.73,5.27,8.55,127.83,31.38,0,Other,Very High (900+)
Subway,"6"" Meatball Marinara",480,160,18,7.0,1.0,30,950,59,8.0,12,21.0,25.0,35.0,35.0,Other,325,4.38,3.75,12.29,41.3,53.3,0,Other,Medium (300-600)
Subway,Footlong Meatball Marinara,960,320,36,14.0,2.0,60,1900,118,16.0,24,42.0,50.0,70.0,70.0,Other,326,4.38,3.75,12.29,82.61,42.11,0,Other,Very High (900+)
Subway,"6"" Oven Roasted Chicken",320,40,5,2.0,0.0,25,640,47,5.0,8,23.0,8.0,30.0,30.0,Other,327,7.19,1.56,14.69,27.83,61.73,0,Other,Medium (300-600)
Subway,Footlong Oven Roasted Chicken,640,80,10,4.0,0.0,50,1280,44,10.0,16,46.0,16.0,60.0,60.0,Other,328,7.19,1.56,6.88,55.65,56.09,0,Other,High (600-900)
Subway,Kids Mini Sub Roast Beef,200,25,3,1.0,0.0,25,390,30,4.0,5,14.0,6.0,15.0,20.0,Other,329,7.0,1.5,15.0,16.96,63.89,0,Other,Low (<300)
Subway,"6"" Roast Beef",320,40,5,2.0,0.0,40,700,45,5.0,7,24.0,8.0,20.0,30.0,Other,330,7.5,1.56,14.06,30.43,61.65,0,Other,Medium (300-600)
Subway,Footlong Roast Beef,640,80,10,4.0,0.0,80,1400,90,10.0,14,48.0,16.0,40.0,60.0,Other,331,7.5,1.56,14.06,60.87,55.61,0,Other,High (600-900)
Subway,"6"" Rotisserie Style Chicken",350,50,6,1.5,0.0,50,540,44,5.0,7,29.0,8.0,20.0,30.0,Other,332,8.29,1.71,12.57,23.48,63.87,0,Other,Medium (300-600)
Subway,Footlong Rotisserie Style Chicken,700,100,12,3.0,0.0,100,1080,88,10.0,14,58.0,16.0,40.0,60.0,Other,333,8.29,1.71,12.57,46.96,59.24,0,Other,High (600-900)
Subway,"6"" Spicy Italian",480,220,24,9.0,1.0,50,1520,46,5.0,8,20.0,8.0,20.0,30.0,Other,334,4.17,5.0,9.58,66.09,47.91,0,Other,Medium (300-600)
Subway,Footlong Spicy Italian,960,440,48,18.0,2.0,100,3040,92,10.0,16,40.0,16.0,40.0,60.0,Other,335,4.17,5.0,9.58,132.17,31.54,0,Other,Very High (900+)
Subway,"6"" Steak and Cheese",380,90,10,5.0,0.0,50,1060,48,5.0,8,26.0,10.0,20.0,40.0,Other,336,6.84,2.63,12.63,46.09,56.49,0,Beverage,Medium (300-600)
Subway,Footlong Steak and Cheese,760,180,20,10.0,0.0,100,2120,96,10.0,16,52.0,20.0,40.0,80.0,Other,337,6.84,2.63,12.63,92.17,45.97,0,Beverage,High (600-900)
Subway,"6"" Subway Club",310,40,5,2.0,0.0,40,880,46,5.0,7,23.0,8.0,20.0,30.0,Other,338,7.42,1.61,14.84,38.26,60.37,0,Other,Medium (300-600)
Subway,Footlong Subway Club,620,80,10,4.0,0.0,80,1760,92,10.0,14,46.0,16.0,40.0,60.0,Other,339,7.42,1.61,14.84,76.52,53.14,0,Other,High (600-900)
Subway,"6"" Subway Melt (includes cheese)",370,100,11,5.0,0.0,45,1210,47,5.0,8,23.0,10.0,20.0,40.0,Other,340,6.22,2.97,12.7,52.61,54.86,0,Other,Medium (300-600)
Subway,Footlong Subway Melt (includes cheese),740,200,22,10.0,0.0,90,1420,94,10.0,16,46.0,20.0,40.0,80.0,Other,341,6.22,2.97,12.7,61.74,49.98,0,Other,High (600-900)
Subway,"6"" Subway Seafood Sensation",420,170,19,3.0,0.0,20,690,51,5.0,8,13.0,10.0,20.0,35.0,Other,342,3.1,4.52,12.14,30.0,56.51,0,Other,Medium (300-600)
Subway,Footlong Subway Seafood Sensation,840,340,38,6.0,0.0,40,1380,102,10.0,16,26.0,20.0,40.0,70.0,Other,343,3.1,4.52,12.14,60.0,49.83,0,Other,High (600-900)
Subway,"6"" Sweet Onion Chicken Teriyaki",380,40,5,1.0,0.0,50,900,59,5.0,18,26.0,8.0,30.0,35.0,Other,344,6.84,1.32,15.53,39.13,60.34,0,Side,Medium (300-600)
Subway,Footlong Sweet Onion Chicken Teriyaki,760,80,10,2.0,0.0,100,1800,118,10.0,36,52.0,16.0,60.0,70.0,Other,345,6.84,1.32,15.53,78.26,53.67,0,Side,High (600-900)
Subway,"6"" Tuna",470,210,24,4.0,0.0,30,620,44,5.0,6,20.0,8.0,20.0,30.0,Other,346,4.26,5.11,9.36,26.96,57.46,0,Other,Medium (300-600)
Subway,Footlong Tuna,940,420,48,8.0,0.0,60,1240,88,10.0,12,40.0,16.0,40.0,60.0,Other,347,4.26,5.11,9.36,53.91,50.56,0,Other,Very High (900+)
Subway,"6"" Turkey & Bacon Avocado",390,110,13,3.5,0.0,30,860,49,8.0,7,22.0,10.0,200.0,30.0,Other,348,5.64,3.33,12.56,37.39,57.63,0,Other,Medium (300-600)
Subway,Footlong Turkey & Bacon Avocado,780,220,26,7.0,0.0,60,1720,98,16.0,14,44.0,20.0,400.0,60.0,Other,349,5.64,3.33,12.56,74.78,49.49,0,Other,High (600-900)
Subway,Kids Mini Sub Turkey Breast,180,20,2,0.5,0.0,10,380,30,3.0,5,10.0,6.0,15.0,20.0,Other,350,5.56,1.11,16.67,16.52,62.83,0,Other,Low (<300)
Subway,"6"" Turkey Breast",280,30,4,1.0,0.0,20,810,46,5.0,7,18.0,8.0,20.0,30.0,Other,351,6.43,1.43,16.43,35.22,60.52,0,Other,Low (<300)
Subway,Footlong Turkey Breast,560,60,8,2.0,0.0,40,1620,92,10.0,14,36.0,16.0,40.0,60.0,Other,352,6.43,1.43,16.43,70.43,54.45,0,Other,Medium (300-600)
Subway,"6"" Turkey Breast & Ham",280,35,4,1.0,0.0,20,820,46,5.0,8,18.0,8.0,20.0,30.0,Other,353,6.43,1.43,16.43,35.65,60.46,0,Other,Low (<300)
Subway,Footlong Turkey Breast & Ham,560,70,8,2.0,0.0,40,1640,92,10.0,16,36.0,16.0,40.0,60.0,Other,354,6.43,1.43,16.43,71.3,54.32,0,Other,Medium (300-600)
Subway,"6"" Turkey Italiano Melt (with Provolone)",490,210,24,9.0,1.0,50,1480,47,5.0,8,24.0,10.0,20.0,45.0,Other,355,4.9,4.9,9.59,64.35,48.92,0,Other,Medium (300-600)
Subway,Footlong Turkey Italiano Melt (with Provolone),980,420,48,18.0,2.0,100,2960,94,10.0,16,48.0,20.0,40.0,90.0,Other,356,4.9,4.9,9.59,128.7,32.82,0,Other,Very High (900+)
Subway,Kids Mini Sub Veggie Delite,150,15,2,0.0,0.0,0,190,29,3.0,4,6.0,6.0,15.0,20.0,Other,357,4.0,1.33,19.33,8.26,62.84,0,Other,Low (<300)
Subway,"6"" Veggie Delite",230,20,3,1.0,0.0,0,310,44,5.0,6,8.0,8.0,20.0,30.0,Other,358,3.48,1.3,19.13,13.48,60.81,0,Other,Low (<300)
Subway,Footlong Veggie Delite,460,40,6,2.0,0.0,0,620,88,10.0,12,16.0,16.0,40.0,60.0,Other,359,3.48,1.3,19.13,26.96,58.06,0,Other,Medium (300-600)
Subway,"6"" Veggie Patty",390,70,7,1.0,0.0,10,800,56,8.0,8,23.0,15.0,20.0,35.0,Other,360,5.9,1.79,14.36,34.78,60.04,0,Other,Medium (300-600)
Subway,Footlong Veggie Patty,780,140,14,2.0,0.0,20,1600,112,16.0,16,46.0,30.0,20.0,70.0,Other,361,5.9,1.79,14.36,69.57,54.04,0,Other,High (600-900)
Subway,Autumn Carved Turkey Salad,300,80,9,3.0,0.0,60,1120,26,3.0,22,25.0,40.0,40.0,15.0,Other,362,8.33,3.0,8.67,48.7,59.02,0,Salad/Bowl,Low (<300)
Subway,B.L.T. Salad,150,70,8,4.0,0.0,20,420,10,4.0,5,10.0,50.0,50.0,6.0,Other,363,6.67,5.33,6.67,18.26,61.26,0,Salad/Bowl,Low (<300)
Subway,Big Hot Pastrami Melt Salad,400,300,29,11.0,0.0,85,1250,12,4.0,4,23.0,25.0,70.0,10.0,Other,364,5.75,7.25,3.0,54.35,49.93,0,Salad/Bowl,Medium (300-600)
Subway,Big Philly Cheesesteak Salad,330,140,16,8.0,1.0,85,1080,17,5.0,6,32.0,60.0,50.0,25.0,Other,365,9.7,4.85,5.15,46.96,57.2,0,Salad/Bowl,Medium (300-600)
Subway,Black Forest Ham Salad,110,25,3,1.0,0.0,20,590,11,4.0,6,12.0,25.0,45.0,4.0,Other,366,10.91,2.73,10.0,25.65,66.58,0,Salad/Bowl,Low (<300)
Subway,Buffalo Chicken Salad (with Ranch dressing),360,230,26,4.0,0.0,60,1100,13,4.0,6,20.0,50.0,60.0,8.0,Other,367,5.56,7.22,3.61,47.83,55.61,0,Salad/Bowl,Medium (300-600)
Subway,Carved Turkey & Bacon w/ Cheese Salad,280,110,12,4.5,0.0,65,1320,11,4.0,5,28.0,50.0,50.0,15.0,Other,368,10.0,4.29,3.93,57.39,58.36,0,Salad/Bowl,Low (<300)
Subway,Carved Turkey Salad,150,30,4,0.0,0.0,45,680,8,3.0,3,19.0,40.0,40.0,6.0,Other,369,12.67,2.67,5.33,29.57,68.48,0,Salad/Bowl,Low (<300)
Subway,Chicken & Bacon Ranch Melt Salad (includes Ranch dressing),510,340,38,12.0,1.0,100,1040,14,4.0,7,30.0,60.0,60.0,30.0,Other,370,5.88,7.45,2.75,45.22,50.76,0,Salad/Bowl,Medium (300-600)
Subway,Cold Cut Combo Salad,180,95,11,4.0,0.0,45,820,12,4.0,5,12.0,50.0,50.0,10.0,Other,371,6.67,6.11,6.67,35.65,58.61,0,Salad/Bowl,Low (<300)
Subway,Double Chicken Salad,220,35,5,1.5,0.0,100,490,10,4.0,4,36.0,50.0,60.0,8.0,Other,372,16.36,2.27,4.55,21.3,72.48,0,Salad/Bowl,Low (<300)
Subway,Italian B.M.T.® Salad,230,135,15,6.0,0.0,45,1060,12,4.0,6,14.0,50.0,50.0,6.0,Other,373,6.09,6.52,5.22,46.09,55.02,0,Salad/Bowl,Low (<300)
Subway,Italian Hero Salad,230,140,15,5.0,0.0,45,1060,13,4.0,8,14.0,40.0,60.0,4.0,Other,374,6.09,6.52,5.65,46.09,55.72,0,Salad/Bowl,Low (<300)
Subway,Meatball Marinara Salad,310,150,17,7.0,1.0,30,720,25,6.0,10,16.0,60.0,70.0,10.0,Other,375,5.16,5.48,8.06,31.3,55.63,0,Salad/Bowl,Medium (300-600)
Subway,Oven Roasted Chicken Salad,140,25,3,0.5,0.0,50,280,10,4.0,4,19.0,50.0,60.0,8.0,Other,376,13.57,2.14,7.14,12.17,71.71,0,Salad/Bowl,Low (<300)
Subway,Roast Beef Salad,140,30,4,1.0,0.0,40,450,10,4.0,5,18.0,25.0,45.0,4.0,Other,377,12.86,2.86,7.14,19.57,69.5,0,Salad/Bowl,Low (<300)
Subway,Spicy Italian Salad,310,205,23,9.0,1.0,50,1280,11,4.0,6,15.0,50.0,50.0,8.0,Other,378,4.84,7.42,3.55,55.65,50.19,0,Salad/Bowl,Medium (300-600)
Subway,Steak & Cheese Salad,210,75,8,4.0,0.0,50,830,14,4.0,6,20.0,50.0,50.0,15.0,Other,379,9.52,3.81,6.67,36.09,61.46,0,Salad/Bowl,Low (<300)
Subway,Subway Club Salad,140,30,4,1.0,0.0,40,640,11,4.0,5,17.0,25.0,45.0,6.0,Other,380,12.14,2.86,7.86,27.83,67.51,0,Salad/Bowl,Low (<300)
Subway,Subway Melt® Salad,200,85,10,5.0,0.0,45,910,13,4.0,6,18.0,50.0,50.0,15.0,Other,381,9.0,5.0,6.5,39.57,59.7,0,Salad/Bowl,Low (<300)
Subway,Sweet Onion Chicken Teriyaki Salad,200,25,3,1.0,0.0,50,660,24,4.0,16,20.0,25.0,50.0,6.0,Other,382,10.0,1.5,12.0,28.7,65.18,0,Side,Low (<300)
Subway,Tuna Salad,310,215,24,4.0,0.0,40,370,10,4.0,4,15.0,50.0,50.0,6.0,Other,383,4.84,7.74,3.23,16.09,59.72,0,Salad/Bowl,Medium (300-600)
Subway,Turkey Breast & Ham Salad,110,20,3,1.0,0.0,25,580,11,4.0,5,12.0,25.0,45.0,6.0,Other,384,10.91,2.73,10.0,25.22,66.64,0,Salad/Bowl,Low (<300)
Subway,Turkey Breast Salad,110,20,2,1.0,0.0,20,570,11,4.0,5,12.0,25.0,45.0,6.0,Other,385,10.91,1.82,10.0,24.78,66.71,0,Salad/Bowl,Low (<300)
Subway,Veggie Delite Salad,50,10,1,0.0,0.0,0,65,9,4.0,4,3.0,25.0,45.0,4.0,Other,386,6.0,2.0,18.0,2.83,65.72,0,Salad/Bowl,Low (<300)
Subway,Chipotle Southwest Steak & Cheese Wrap,760,330,37,12.0,1.0,100,2250,65,4.0,7,43.0,15.0,45.0,30.0,Other,387,5.66,4.87,8.55,97.83,42.5,0,Main,High (600-900)
Subway,Rotisserie-Style Chicken Caesar Wrap,730,310,34,10.0,0.5,135,1900,53,3.0,4,55.0,15.0,8.0,45.0,Other,388,7.53,4.66,7.26,82.61,48.14,0,Main,High (600-900)
Subway,"Turkey, Bacon & Guacamole Wrap",810,380,42,13.0,0.5,75,2970,62,3.0,6,43.0,10.0,30.0,30.0,Other,389,5.31,5.19,7.65,129.13,36.66,0,Main,High (600-900)
Subway,Cheese & Veggies Pizza,740,230,25,11.0,0.0,50,1270,100,5.0,9,36.0,35.0,30.0,60.0,Other,390,4.86,3.38,13.51,55.22,48.88,0,Other,High (600-900)
Subway,Cheese Pizza,680,200,22,9.0,0.0,40,1070,96,4.0,7,32.0,25.0,4.0,45.0,Other,391,4.71,3.24,14.12,46.52,51.45,0,Other,High (600-900)
Subway,Pepperoni Pizza,790,290,32,13.0,0.0,60,1350,96,4.0,8,38.0,30.0,4.0,60.0,Other,392,4.81,4.05,12.15,58.7,46.9,0,Other,High (600-900)
Subway,Sausage Pizza,820,310,34,14.0,0.0,70,1420,97,4.0,8,39.0,30.0,4.0,60.0,Other,393,4.76,4.15,11.83,61.74,45.69,0,Other,High (600-900)
Taco Bell,1/2 lb.* Cheesy Potato Burrito,540,230,26,7.0,1.0,45,1360,59,7.0,4,19.0,,,,Other,394,3.52,4.81,10.93,59.13,49.7,0,Main,Medium (300-600)
Taco Bell,1/2 lb.* Combo Burrito,460,170,18,7.0,1.0,45,1320,53,9.0,3,21.0,,,,Other,395,4.57,3.91,11.52,57.39,51.04,0,Main,Medium (300-600)
Taco Bell,7-Layer Burrito,510,170,19,7.0,0.0,20,1090,68,11.0,4,16.0,,,,Other,396,3.14,3.73,13.33,47.39,51.1,0,Main,Medium (300-600)
Taco Bell,Bean Burrito,370,100,11,4.0,0.0,5,960,56,9.0,3,13.0,,,,Other,397,3.51,2.97,15.14,41.74,54.44,0,Main,Medium (300-600)
Taco Bell,Beefy 5-Layer Burrito,550,200,22,8.0,0.0,35,1270,68,8.0,5,19.0,,,,Other,398,3.45,4.0,12.36,55.22,49.53,0,Main,Medium (300-600)
Taco Bell,Beefy Fritos® Burrito,440,160,18,5.0,0.0,20,1030,55,4.0,3,13.0,,,,Other,399,2.95,4.09,12.5,44.78,52.7,0,Main,Medium (300-600)
Taco Bell,Black Bean Burrito,410,110,12,4.0,0.0,10,1100,62,8.0,3,14.0,,,,Other,400,3.41,2.93,15.12,47.83,53.41,0,Main,Medium (300-600)
Taco Bell,Burrito Supreme® – Beef,420,140,16,7.0,0.0,35,1090,53,8.0,5,16.0,,,,Other,401,3.81,3.81,12.62,47.39,51.79,0,Main,Medium (300-600)
Taco Bell,Burrito Supreme® - Chicken,390,110,12,5.0,0.0,40,1050,52,7.0,5,19.0,,,,Other,402,4.87,3.08,13.33,45.65,54.54,0,Main,Medium (300-600)
Taco Bell,Burrito Supreme® - Steak,390,120,13,5.0,0.0,30,1090,52,7.0,5,17.0,,,,Other,403,4.36,3.33,13.33,47.39,53.75,0,Main,Medium (300-600)
Taco Bell,Cantina Power Burrito - Chicken,760,240,27,6.0,0.0,60,1960,96,12.0,7,32.0,,,,Other,404,4.21,3.55,12.63,85.22,47.12,0,Main,High (600-900)
Taco Bell,Cantina Power Burrito - Steak,780,250,28,7.0,0.0,50,1900,98,13.0,7,33.0,,,,Other,405,4.23,3.59,12.56,82.61,46.84,0,Main,High (600-900)
Taco Bell,Cantina Power Burrito - Veggie,740,230,26,5.0,0.0,10,1750,107,17.0,8,20.0,,,,Other,406,2.7,3.51,14.46,76.09,47.67,0,Main,High (600-900)
Taco Bell,Cheesy Bean and Rice Burrito,420,160,17,3.5,0.0,0,930,55,6.0,4,11.0,,,,Other,407,2.62,4.05,13.1,40.43,54.07,0,Main,Medium (300-600)
Taco Bell,Chili Cheese Burrito,380,150,17,8.0,1.0,35,930,41,5.0,2,16.0,,,,Other,408,4.21,4.47,10.79,40.43,52.56,0,Main,Medium (300-600)
Taco Bell,Chicken Crunchy Cheesy Core Burrito,610,210,24,9.0,0.0,55,1510,74,5.0,5,25.0,10.0,4.0,35.0,Other,409,4.1,3.93,12.13,65.65,47.9,0,Main,High (600-900)
Taco Bell,Steak Crunchy Cheesy Core Burrito,610,220,24,9.0,0.0,50,1520,75,5.0,5,25.0,10.0,4.0,40.0,Other,410,4.1,3.93,12.3,66.09,47.84,0,Main,High (600-900)
Taco Bell,Beef Crunchy Cheesy Core Burrito,630,240,26,10.0,0.5,45,1530,76,7.0,5,22.0,15.0,4.0,35.0,Other,411,3.49,4.13,12.06,66.52,46.45,0,Main,High (600-900)
Taco Bell,Loaded Taco Burrito,550,260,29,9.0,0.5,50,1130,52,7.0,4,20.0,15.0,6.0,20.0,Other,412,3.64,5.27,9.45,49.13,49.95,0,Main,Medium (300-600)
Taco Bell,Chicken Quesarito,620,270,30,10.0,0.0,60,1440,64,4.0,4,24.0,,,,Other,413,3.87,4.84,10.32,62.61,47.43,0,Other,High (600-900)
Taco Bell,Steak Quesarito,630,280,31,11.0,0.5,65,1410,64,3.0,4,25.0,,,,Other,414,3.97,4.92,10.16,61.3,47.04,0,Beverage,High (600-900)
Taco Bell,Beef Quesarito,650,300,34,12.0,0.5,60,1450,65,6.0,5,22.0,,,,Other,415,3.38,5.23,10.0,63.04,45.47,0,Other,High (600-900)
Taco Bell,Shredded Chicken Burrito,400,160,18,4.5,0.0,30,960,45,3.0,3,16.0,,,,Other,416,4.0,4.5,11.25,41.74,54.59,0,Main,Medium (300-600)
Taco Bell,Smothered Burrito - Beef,710,320,35,13.0,1.0,75,2260,70,10.0,4,28.0,,,,Other,417,3.94,4.93,9.86,98.26,39.97,0,Main,High (600-900)
Taco Bell,Smothered Burrito - Shredded Chicken,650,250,28,10.0,0.0,70,2230,67,8.0,4,34.0,,,,Other,418,5.23,4.31,10.31,96.96,43.59,0,Main,High (600-900)
Taco Bell,Smothered Burrito - Steak,670,260,29,11.0,0.5,80,2080,68,7.0,4,35.0,,,,Other,419,5.22,4.33,10.15,90.43,43.87,0,Main,High (600-900)
Taco Bell,Chicken Spicy Cheesy Core Burrito,540,180,20,8.0,0.0,55,1740,66,5.0,5,24.0,15.0,8.0,35.0,Other,420,4.44,3.7,12.22,75.65,47.42,0,Main,Medium (300-600)
Taco Bell,Steak Spicy Cheesy Core Burrito,550,190,21,9.0,0.0,50,1750,66,5.0,5,24.0,10.0,6.0,35.0,Other,421,4.36,3.82,12.0,76.09,46.58,0,Main,Medium (300-600)
Taco Bell,Beef Spicy Cheesy Core Burrito,570,210,23,10.0,0.5,45,1760,68,7.0,5,22.0,15.0,6.0,35.0,Other,422,3.86,4.04,11.93,76.52,45.3,0,Main,Medium (300-600)
Taco Bell,Triple Melt Burrito,410,140,16,6.0,0.0,30,1030,50,4.0,3,15.0,6.0,2.0,20.0,Other,423,3.66,3.9,12.2,44.78,52.73,0,Main,Medium (300-600)
Taco Bell,XXL Grilled Stuft Burrito - Beef,880,380,42,14.0,1.0,75,2020,94,12.0,6,31.0,,,,Other,424,3.52,4.77,10.68,87.83,40.44,0,Main,High (600-900)
Taco Bell,XXL Grilled Stuft Burrito - Chicken,830,320,35,11.0,0.0,85,1940,91,10.0,6,37.0,,,,Other,425,4.46,4.22,10.96,84.35,44.02,0,Main,High (600-900)
Taco Bell,XXL Grilled Stuft Burrito - Steak,820,320,36,12.0,1.0,70,2020,91,10.0,7,33.0,,,,Other,426,4.02,4.39,11.1,87.83,42.34,0,Main,High (600-900)
Taco Bell,Chicken Soft Taco,170,50,6,3.0,0.0,30,460,18,1.0,1,12.0,,,,Other,427,7.06,3.53,10.59,20.0,62.09,0,Main,Low (<300)
Taco Bell,Cool Ranch® Doritos® Double Decker® Taco,320,120,14,5.0,0.0,25,770,36,6.0,2,13.0,,,,Other,428,4.06,4.38,11.25,33.48,55.56,0,Main,Medium (300-600)
Taco Bell,Cool Ranch® Doritos® Locos Taco,160,90,10,3.5,0.0,25,350,13,2.0,1,8.0,,,,Other,429,5.0,6.25,8.12,15.22,60.36,0,Main,Low (<300)
Taco Bell,Cool Ranch® Doritos® Locos Taco Supreme,200,100,12,4.5,0.0,35,370,15,3.0,3,9.0,,,,Other,430,4.5,6.0,7.5,16.09,59.02,0,Main,Low (<300)
Taco Bell,Crunchy Taco,170,90,10,4.0,0.0,25,290,12,3.0,1,8.0,,,,Other,431,4.71,5.88,7.06,12.61,60.12,0,Main,Low (<300)
Taco Bell,Crunchy Taco Supreme®,200,110,12,5.0,0.0,35,320,15,3.0,2,9.0,,,,Other,432,4.5,6.0,7.5,13.91,59.0,0,Main,Low (<300)
Taco Bell,Double Decker® Taco,320,120,14,5.0,0.0,25,640,37,7.0,2,13.0,,,,Other,433,4.06,4.38,11.56,27.83,56.43,0,Main,Medium (300-600)
Taco Bell,DOUBLE DECKER® Taco Supreme®,350,140,16,6.0,0.0,35,670,40,7.0,3,14.0,,,,Other,434,4.0,4.57,11.43,29.13,55.47,0,Main,Medium (300-600)
Taco Bell,Spicy Sweet Double Stacked Taco,340,160,18,7.0,0.0,35,640,32,4.0,6,12.0,10.0,2.0,15.0,Other,435,3.53,5.29,9.41,27.83,54.49,0,Main,Medium (300-600)
Taco Bell,Cool Ranch Habanero Double Stacked Taco,350,180,20,8.0,0.5,40,630,30,4.0,3,13.0,15.0,2.0,20.0,Other,436,3.71,5.71,8.57,27.39,54.04,0,Main,Medium (300-600)
Taco Bell,Nacho Crunch Double Stacked Taco,380,170,19,6.0,0.0,35,650,39,5.0,2,13.0,8.0,2.0,20.0,Other,437,3.42,5.0,10.26,28.26,55.01,0,Main,Medium (300-600)
Taco Bell,Fiery Doritos® Double Decker® Taco,320,120,13,5.0,0.0,25,770,36,7.0,2,14.0,,,,Other,438,4.38,4.06,11.25,33.48,55.89,0,Main,Medium (300-600)
Taco Bell,Fiery Doritos® Locos Taco,170,90,10,3.5,0.0,25,370,12,3.0,1,8.0,,,,Other,439,4.71,5.88,7.06,16.09,59.93,0,Main,Low (<300)
Taco Bell,Fiery Doritos® Locos Taco Supreme,200,110,12,5.0,0.0,30,390,15,3.0,2,9.0,,,,Other,440,4.5,6.0,7.5,16.96,58.54,0,Main,Low (<300)
Taco Bell,Grilled Steak Soft Taco,250,130,14,4.0,0.0,30,550,19,2.0,2,11.0,,,,Other,441,4.4,5.6,7.6,23.91,58.07,0,Main,Low (<300)
Taco Bell,Nacho Cheese Doritos® Double Decker® Taco,320,120,13,5.0,0.0,25,760,36,7.0,2,14.0,,,,Other,442,4.38,4.06,11.25,33.04,55.96,0,Main,Medium (300-600)
Taco Bell,Nacho Cheese Doritos® Locos Tacos,170,80,9,4.0,0.0,25,340,13,2.0,1,8.0,,,,Other,443,4.71,5.29,7.65,14.78,59.78,0,Main,Low (<300)
Taco Bell,Nacho Cheese Doritos® Locos Tacos Supreme,200,100,11,5.0,0.0,35,370,15,3.0,2,9.0,,,,Other,444,4.5,5.5,7.5,16.09,58.67,0,Main,Low (<300)
Taco Bell,Soft Taco Supreme® – Beef,230,100,11,5.0,0.0,35,530,22,3.0,3,10.0,,,,Other,445,4.35,4.78,9.57,23.04,57.46,0,Main,Low (<300)
Taco Bell,Soft Taco-Beef,200,80,9,4.0,0.0,25,510,19,3.0,1,10.0,,,,Other,446,5.0,4.5,9.5,22.17,58.95,0,Main,Low (<300)
Taco Bell,Spicy Potato Soft Taco,250,120,13,3.0,0.0,10,510,28,3.0,1,6.0,,,,Other,447,2.4,5.2,11.2,22.17,56.98,0,Main,Low (<300)
Taco Bell,Chalupa Supreme® - Chicken,340,160,18,4.0,0.0,40,530,29,3.0,4,16.0,,,,Other,448,4.71,5.29,8.53,23.04,58.52,0,Other,Medium (300-600)
Taco Bell,Chalupa Supreme® - Steak,340,170,18,4.0,0.0,30,570,29,3.0,4,14.0,,,,Other,449,4.12,5.29,8.53,24.78,57.65,0,Beverage,Medium (300-600)
Taco Bell,Chalupa Supreme®–Beef,370,190,21,5.0,0.0,30,570,31,4.0,4,13.0,,,,Other,450,3.51,5.68,8.38,24.78,56.33,0,Other,Medium (300-600)
Taco Bell,Double Chalupa,600,310,35,8.0,0.5,50,1010,50,6.0,5,21.0,15.0,4.0,15.0,Other,451,3.5,5.83,8.33,43.91,51.31,0,Other,Medium (300-600)
Taco Bell,Wild Naked Chicken Chalupa,420,250,28,6.0,0.0,65,1070,23,4.0,2,19.0,6.0,4.0,6.0,Other,452,4.52,6.67,5.48,46.52,53.35,0,Other,Medium (300-600)
Taco Bell,Mild Naked Chicken Chalupa,440,270,30,7.0,0.0,70,1090,22,3.0,1,20.0,6.0,4.0,6.0,Other,453,4.55,6.82,5.0,47.39,52.55,0,Other,Medium (300-600)
Taco Bell,Spicy Double Chalupa,600,310,35,8.0,0.5,50,1240,52,7.0,5,21.0,15.0,8.0,15.0,Other,454,3.5,5.83,8.67,53.91,49.78,0,Other,Medium (300-600)
Taco Bell,Fresco Bean Burrito,350,80,9,3.0,0.0,0,950,57,9.0,3,11.0,,,,Other,455,3.14,2.57,16.29,41.3,54.82,0,Main,Medium (300-600)
Taco Bell,Fresco Burrito Supreme® – Chicken,340,80,8,3.0,0.0,25,1020,50,7.0,4,17.0,,,,Other,456,5.0,2.35,14.71,44.35,56.26,0,Main,Medium (300-600)
Taco Bell,Fresco Burrito Supreme® – Steak,340,80,9,3.0,0.0,15,1060,50,7.0,4,15.0,,,,Other,457,4.41,2.65,14.71,46.09,55.39,0,Main,Medium (300-600)
Taco Bell,Fresco Chicken Soft Taco,150,35,4,1.0,0.0,25,460,18,2.0,2,11.0,,,,Other,458,7.33,2.67,12.0,20.0,63.77,0,Main,Low (<300)
Taco Bell,Fresco Crunchy Taco,140,70,8,2.0,0.0,20,290,13,3.0,1,6.0,,,,Other,459,4.29,5.71,9.29,12.61,61.08,0,Main,Low (<300)
Taco Bell,Fresco Grilled Steak Soft Taco,150,35,4,2.0,0.0,15,500,19,2.0,2,9.0,,,,Other,460,6.0,2.67,12.67,21.74,61.44,0,Main,Low (<300)
Taco Bell,Fresco Soft Taco,170,60,7,3.0,0.0,20,500,20,3.0,2,8.0,,,,Other,461,4.71,4.12,11.76,21.74,59.42,0,Main,Low (<300)
Taco Bell,Cheesy Gordita Crunch,490,260,29,10.0,1.0,55,810,39,5.0,6,20.0,,,,Other,462,4.08,5.92,7.96,35.22,51.83,0,Other,Medium (300-600)
Taco Bell,Doritos® Cheesy Gordita Crunch - Cool Ranch,490,250,28,10.0,1.0,55,890,40,5.0,5,20.0,,,,Other,463,4.08,5.71,8.16,38.7,51.3,0,Other,Medium (300-600)
Taco Bell,Doritos® Cheesy Gordita Crunch - Fiery,490,250,28,10.0,1.0,55,890,40,5.0,4,20.0,,,,Other,464,4.08,5.71,8.16,38.7,51.3,0,Other,Medium (300-600)
Taco Bell,Doritos® Cheesy Gordita Crunch - Nacho Cheese,490,250,28,10.0,1.0,55,880,40,5.0,5,20.0,,,,Other,465,4.08,5.71,8.16,38.26,51.37,0,Other,Medium (300-600)
Taco Bell,Double Cheesy Gordita Crunch,570,290,32,12.0,1.0,70,1110,44,7.0,5,25.0,15.0,2.0,30.0,Other,466,4.39,5.61,7.72,48.26,48.76,0,Other,Medium (300-600)
Taco Bell,Gordita Supreme® – Beef,300,120,14,5.0,0.0,30,550,31,4.0,6,13.0,,,,Other,467,4.33,4.67,10.33,23.91,57.3,0,Other,Low (<300)
Taco Bell,Gordita Supreme® - Chicken,270,90,10,4.0,0.0,40,510,29,2.0,6,16.0,,,,Other,468,5.93,3.7,10.74,22.17,59.91,0,Other,Low (<300)
Taco Bell,Gordita Supreme® - Steak,270,90,11,4.0,0.0,30,550,29,2.0,6,14.0,,,,Other,469,5.19,4.07,10.74,23.91,58.88,0,Beverage,Low (<300)
Taco Bell,Nacho Fries Bellgrande,710,360,41,6.0,0.0,30,1420,73,10.0,4,13.0,10.0,4.0,8.0,Other,470,1.83,5.77,10.28,61.74,48.27,0,Side,High (600-900)
Taco Bell,Nachos BellGrande®,760,360,39,6.0,0.0,30,1100,82,13.0,5,18.0,,,,Other,471,2.37,5.13,10.79,47.83,50.94,0,Other,High (600-900)
Taco Bell,Nachos Supreme,430,210,23,5.0,0.0,30,690,44,7.0,3,12.0,,,,Other,472,2.79,5.35,10.23,30.0,54.79,0,Other,Medium (300-600)
Taco Bell,Triple Layer Nachos,320,140,15,1.5,0.0,0,600,41,6.0,2,7.0,,,,Other,473,2.19,4.69,12.81,26.09,57.22,0,Other,Medium (300-600)
Taco Bell,Triple Melt Nachos,260,140,16,4.5,0.0,30,550,19,3.0,1,10.0,6.0,0.0,10.0,Other,474,3.85,6.15,7.31,23.91,57.16,0,Other,Low (<300)
Taco Bell,Beefy Cheddar Crunchwrap Slider,410,170,19,6.0,0.0,25,960,46,4.0,3,14.0,,,,Other,475,3.41,4.63,11.22,41.74,52.94,0,Main,Medium (300-600)
Taco Bell,Beefy Mini Quesadilla,210,110,12,4.0,0.0,25,560,17,3.0,1,9.0,,,,Other,476,4.29,5.71,8.1,24.35,57.89,0,Other,Low (<300)
Taco Bell,Beefy Nacho Griller,420,170,19,4.5,0.0,20,870,49,5.0,3,12.0,,,,Other,477,2.86,4.52,11.67,37.83,54.02,0,Other,Medium (300-600)
Taco Bell,BLT Crunchwrap Slider,430,210,23,5.0,0.0,20,900,43,3.0,4,12.0,,,,Other,478,2.79,5.35,10.0,39.13,53.4,0,Main,Medium (300-600)
Taco Bell,Cantina Power Bowl - Chicken,560,200,22,4.0,0.0,60,1520,64,9.0,4,26.0,,,,Other,479,4.64,3.93,11.43,66.09,51.88,0,Salad/Bowl,Medium (300-600)
Taco Bell,Cantina Power Bowl - Steak,580,210,23,4.0,0.0,50,1460,66,10.0,4,27.0,,,,Other,480,4.66,3.97,11.38,63.48,52.3,0,Salad/Bowl,Medium (300-600)
Taco Bell,Cantina Power Bowl - Veggie,540,190,21,3.0,0.0,10,1310,75,14.0,4,14.0,,,,Other,481,2.59,3.89,13.89,56.96,51.87,0,Salad/Bowl,Medium (300-600)
Taco Bell,Cheese Quesadilla,480,240,27,11.0,1.0,50,1000,40,4.0,3,19.0,,,,Other,482,3.96,5.62,8.33,43.48,49.75,0,Other,Medium (300-600)
Taco Bell,Cheese Roll-Up,190,80,9,5.0,0.0,20,450,18,2.0,1,9.0,,,,Other,483,4.74,4.74,9.47,19.57,58.39,0,Other,Low (<300)
Taco Bell,Chicken Quesadilla,520,250,28,12.0,1.0,75,1210,41,4.0,3,27.0,,,,Other,484,5.19,5.38,7.88,52.61,48.92,0,Other,Medium (300-600)
Taco Bell,Chickstar,620,340,37,8.0,0.0,50,1290,53,4.0,4,17.0,8.0,6.0,15.0,Other,485,2.74,5.97,8.55,56.09,48.67,0,Other,High (600-900)
Taco Bell,Chili Cheese Burrito,380,150,17,8.0,1.0,35,930,41,5.0,2,16.0,,,,Other,486,4.21,4.47,10.79,40.43,52.56,0,Main,Medium (300-600)
Taco Bell,Chipotle Crispy Chicken Griller,290,170,18,3.0,0.0,25,640,22,1.0,1,9.0,,,,Other,487,3.1,6.21,7.59,27.83,56.84,0,Other,Low (<300)
Taco Bell,Crispy Chicken Quesadilla,650,340,37,13.0,0.5,75,1480,51,5.0,3,26.0,10.0,2.0,45.0,Other,488,4.0,5.69,7.85,64.35,45.21,0,Other,High (600-900)
Taco Bell,Crunchwrap Supreme®,540,190,21,6.0,0.0,30,1110,71,7.0,7,16.0,,,,Other,489,2.96,3.89,13.15,48.26,51.48,0,Main,Medium (300-600)
Taco Bell,Double Tostada,270,100,11,4.0,0.0,15,650,32,8.0,2,12.0,,,,Other,490,4.44,4.07,11.85,28.26,57.45,0,Other,Low (<300)
Taco Bell,Express Taco Salad w/ Chips,580,260,29,9.0,1.0,60,1270,59,8.0,7,23.0,,,,Other,491,3.97,5.0,10.17,55.22,49.36,0,Main,Medium (300-600)
Taco Bell,Loaded Potato Griller,470,200,22,6.0,0.0,25,1120,55,4.0,5,13.0,,,,Other,492,2.77,4.68,11.7,48.7,51.22,0,Other,Medium (300-600)
Taco Bell,Mexican Pizza,540,270,31,8.0,1.0,40,860,47,7.0,2,20.0,,,,Other,493,3.7,5.74,8.7,37.39,52.51,0,Other,Medium (300-600)
Taco Bell,MexiMelt®,270,130,14,7.0,1.0,40,740,21,3.0,2,14.0,,,,Other,494,5.19,5.19,7.78,32.17,55.53,0,Other,Low (<300)
Taco Bell,Steak Quesalupa,440,210,23,10.0,0.5,60,840,36,3.0,3,22.0,15.0,6.0,35.0,Other,495,5.0,5.23,8.18,36.52,52.58,0,Beverage,Medium (300-600)
Taco Bell,Chicken Quesalupa,440,200,23,10.0,0.5,60,840,37,3.0,3,22.0,15.0,8.0,35.0,Other,496,5.0,5.23,8.41,36.52,52.58,0,Other,Medium (300-600)
Taco Bell,Beef Quesalupa,460,240,26,11.0,1.0,50,890,38,4.0,3,19.0,15.0,6.0,35.0,Other,497,4.13,5.65,8.26,38.7,50.65,0,Other,Medium (300-600)
Taco Bell,Shredded Chicken Mini Quesadilla,180,70,8,2.5,0.0,25,540,15,2.0,1,12.0,,,,Other,498,6.67,4.44,8.33,23.48,61.51,0,Other,Low (<300)
Taco Bell,Spicy Chicken Crunchwrap Slider,400,180,20,4.0,0.0,25,900,42,3.0,3,15.0,,,,Other,499,3.75,5.0,10.5,39.13,55.08,0,Main,Medium (300-600)
Taco Bell,Spicy Tostada,200,90,10,2.5,0.0,10,440,22,4.0,1,7.0,,,,Other,500,3.5,5.0,11.0,19.13,58.93,0,Other,Low (<300)
Taco Bell,Stacker,390,170,18,8.0,0.5,40,1050,39,4.0,3,18.0,8.0,2.0,30.0,Other,501,4.62,4.62,10.0,45.65,52.19,0,Other,Medium (300-600)
Taco Bell,Steak Quesadilla,520,250,28,12.0,1.0,65,1250,41,4.0,3,25.0,,,,Other,502,4.81,5.38,7.88,54.35,48.26,0,Beverage,Medium (300-600)
Taco Bell,Original Triple Double Crunchwrap,700,270,30,9.0,0.5,45,1550,85,9.0,7,23.0,15.0,6.0,25.0,Other,503,3.29,4.29,12.14,67.39,46.81,0,Main,High (600-900)
Taco Bell,Spicy Triple Double Crunchwrap,780,340,38,10.0,0.5,50,1850,87,9.0,8,23.0,20.0,10.0,25.0,Other,504,2.95,4.87,11.15,80.43,43.77,0,Main,High (600-900)
Taco Bell,Express Taco Salad w/ Chips,580,260,29,9.0,1.0,60,1270,59,8.0,7,23.0,,,,Other,505,3.97,5.0,10.17,55.22,49.36,0,Main,Medium (300-600)
Taco Bell,Fiesta Taco Salad-Beef,780,380,42,10.0,1.0,60,1340,74,11.0,7,26.0,,,,Other,506,3.33,5.38,9.49,58.26,47.54,0,Main,High (600-900)
Taco Bell,Fiesta Taco Salad-Chicken,720,320,35,7.0,0.0,70,1260,70,8.0,8,32.0,,,,Other,507,4.44,4.86,9.72,54.78,51.31,0,Main,High (600-900)
Taco Bell,Fiesta Taco Salad-Steak,720,320,36,8.0,1.0,55,1340,70,8.0,8,28.0,,,,Other,508,3.89,5.0,9.72,58.26,49.51,0,Main,High (600-900)
